Id,Neighborhood,Total_sqr_footage,OverallQual,OverallCond,YearBuilt,GrLivArea,GarageCars,LotFrontage,PoolArea,SalePrice,Street,BldgType,FullBath,HalfBath,BsmtFullBath
1,CollgCr,2566,7,5,2003,1710,2,65,0,208500,Pave,1Fam,2,1,1
2,Veenker,2524,6,8,1976,1262,2,80,0,181500,Pave,1Fam,2,0,0
3,CollgCr,2706,7,5,2001,1786,2,68,0,223500,Pave,1Fam,2,1,1
4,Crawfor,2473,7,5,1915,1717,3,60,0,140000,Pave,1Fam,1,0,1
5,NoRidge,3343,8,5,2000,2198,3,84,0,250000,Pave,1Fam,2,1,1
6,Mitchel,2158,5,5,1993,1362,2,85,0,143000,Pave,1Fam,1,1,1
7,Somerst,3380,8,5,2004,1694,2,75,0,307000,Pave,1Fam,2,0,1
8,NWAmes,3197,7,6,1973,2090,2,,0,200000,Pave,1Fam,2,1,1
9,OldTown,2726,7,5,1931,1774,2,51,0,129900,Pave,1Fam,2,0,0
10,BrkSide,2068,5,6,1939,1077,1,50,0,118000,Pave,2fmCon,1,0,1
11,Sawyer,2080,5,5,1965,1040,1,70,0,129500,Pave,1Fam,1,0,1
12,NridgHt,3499,9,5,2005,2324,3,85,0,345000,Pave,1Fam,3,0,1
13,Sawyer,1824,5,6,1962,912,1,,0,144000,Pave,1Fam,1,0,1
14,CollgCr,2988,7,5,2006,1494,3,91,0,279500,Pave,1Fam,2,0,0
15,NAmes,2506,6,5,1960,1253,1,,0,157000,Pave,1Fam,1,1,1
16,BrkSide,1686,7,8,1929,854,2,51,0,132000,Pave,1Fam,1,0,0
17,NAmes,2008,6,7,1970,1004,2,,0,149000,Pave,1Fam,1,0,1
18,Sawyer,1296,4,5,1967,1296,2,72,0,90000,Pave,Duplex,2,0,0
19,SawyerW,2228,5,5,2004,1114,2,66,0,159000,Pave,1Fam,1,1,1
20,NAmes,2368,5,6,1958,1339,1,70,0,139000,Pave,1Fam,1,0,0
21,NridgHt,3534,8,5,2005,2376,3,101,0,325300,Pave,1Fam,3,1,0
22,IDOTRR,1745,7,7,1930,1108,1,57,0,139400,Pave,1Fam,1,0,0
23,CollgCr,3572,8,5,2002,1795,2,75,0,230000,Pave,1Fam,2,0,0
24,MeadowV,2100,5,7,1976,1060,2,44,0,129900,Pave,TwnhsE,1,0,1
25,Sawyer,2120,5,8,1968,1060,1,,0,154000,Pave,1Fam,1,0,1
26,NridgHt,3166,8,5,2007,1600,3,110,0,256300,Pave,1Fam,2,0,0
27,NAmes,1800,5,7,1951,900,2,60,0,134800,Pave,1Fam,1,0,0
28,NridgHt,3408,8,5,2007,1704,3,98,0,306000,Pave,1Fam,2,0,1
29,NAmes,3084,5,6,1957,1600,1,47,0,207500,Pave,1Fam,1,0,1
30,BrkSide,1040,4,6,1927,520,1,60,0,68500,Pave,1Fam,1,0,0
31,IDOTRR,1966,4,4,1920,1317,1,50,0,40000,Pave,1Fam,1,0,0
32,Sawyer,2456,5,6,1966,1228,1,,0,149350,Pave,1Fam,1,1,0
33,CollgCr,2468,8,5,2007,1234,2,85,0,179900,Pave,1Fam,2,0,0
34,NAmes,3098,5,5,1959,1700,2,70,0,165500,Pave,1Fam,1,1,0
35,NridgHt,3122,9,5,2005,1561,2,60,0,277500,Pave,TwnhsE,2,0,1
36,NridgHt,3569,8,5,2004,2452,3,108,0,309000,Pave,1Fam,3,1,0
37,CollgCr,2194,5,5,1994,1097,2,112,0,145000,Pave,1Fam,1,1,0
38,NAmes,2594,5,6,1954,1297,2,74,0,153000,Pave,1Fam,1,0,0
39,NAmes,2114,5,7,1953,1057,1,68,0,109000,Pave,1Fam,1,0,1
40,Edwards,1152,4,5,1955,1152,0,65,0,82000,Pave,Duplex,2,0,0
41,NAmes,2412,6,5,1965,1324,2,84,0,160000,Pave,1Fam,2,0,0
42,Timber,2678,5,6,1959,1328,1,115,0,170000,Pave,1Fam,1,1,0
43,SawyerW,1724,5,7,1983,884,2,,0,144000,Pave,1Fam,1,0,1
44,CollgCr,1876,5,6,1975,938,1,,0,130250,Pave,1Fam,1,0,1
45,NAmes,2300,5,6,1959,1150,1,70,0,141000,Pave,1Fam,1,0,1
46,NridgHt,3504,9,5,2005,1752,2,61,0,319900,Pave,TwnhsE,2,0,1
47,Mitchel,3583,7,5,2003,2149,2,48,0,239686,Pave,1Fam,1,1,1
48,Somerst,3312,8,5,2006,1656,3,84,0,249700,Pave,1Fam,2,0,0
49,OldTown,2188,4,5,1920,1452,0,33,0,113000,Pave,2fmCon,2,0,0
50,Sawyer,1910,5,7,1966,955,1,66,0,127000,Pave,1Fam,1,0,1
51,Gilbert,2264,6,6,1997,1470,2,,0,177000,Pave,1Fam,2,0,0
52,BrkSide,1632,6,6,1934,1176,2,52,0,114500,Pave,1Fam,1,0,0
53,IDOTRR,1632,5,5,1963,816,2,110,0,110000,Grvl,Duplex,1,0,1
54,Veenker,3684,9,5,1981,1842,3,68,0,385000,Pave,1Fam,0,1,2
55,NAmes,1744,5,5,1955,1360,2,60,0,130000,Pave,1Fam,1,0,0
56,NAmes,2850,6,5,1964,1425,2,100,0,180500,Pave,1Fam,2,0,0
57,Somerst,2709,8,5,1999,1739,2,24,0,172500,Pave,Twnhs,2,1,1
58,CollgCr,2580,7,5,2004,1720,2,89,0,196500,Pave,1Fam,2,1,0
59,StoneBr,4355,10,5,2006,2945,3,66,0,438780,Pave,1Fam,3,1,0
60,CollgCr,1560,5,7,1972,780,1,60,0,124900,Pave,1Fam,1,0,0
61,SawyerW,2316,6,5,2004,1158,2,63,0,158000,Pave,1Fam,1,1,1
62,IDOTRR,1641,5,7,1920,1111,1,60,0,101000,Pave,1Fam,1,0,0
63,NridgHt,2740,8,5,2006,1370,2,44,0,202500,Pave,TwnhsE,2,0,0
64,OldTown,2286,7,6,1921,1710,2,50,0,140000,Pave,1Fam,2,0,0
65,CollgCr,3091,7,5,1997,2034,2,,0,219500,Pave,1Fam,2,1,1
66,NridgHt,3616,8,5,2004,2473,3,76,0,317000,Pave,1Fam,2,1,0
67,NAmes,4154,7,5,1970,2207,2,,0,180000,Pave,1Fam,2,0,1
68,CollgCr,2932,7,5,2003,1479,2,72,0,226000,Pave,1Fam,2,0,1
69,OldTown,1494,4,6,1945,747,1,47,0,80000,Pave,1Fam,1,0,0
70,ClearCr,3591,7,4,1953,2287,2,81,0,225000,Pave,1Fam,2,0,0
71,NAmes,4446,7,6,1973,2223,2,95,0,244000,Pave,1Fam,2,0,1
72,Mitchel,1690,4,6,1982,845,2,69,0,129500,Pave,1Fam,1,0,1
73,Gilbert,2550,7,5,1998,1718,2,74,0,185000,Pave,1Fam,2,1,0
74,NAmes,2172,5,7,1954,1086,2,85,0,144900,Pave,1Fam,1,0,1
75,OldTown,2445,3,6,1915,1605,1,60,0,107400,Pave,1Fam,2,0,0
76,MeadowV,1450,4,5,1973,988,1,21,0,91000,Pave,Twnhs,1,0,1
77,NAmes,1904,4,7,1956,952,1,,0,135750,Pave,1Fam,1,0,0
78,BrkSide,1957,5,5,1948,1285,1,50,0,127000,Pave,1Fam,1,0,1
79,Sawyer,3536,4,5,1968,1768,0,72,0,136500,Pave,Duplex,2,0,0
80,OldTown,1670,5,6,1910,1230,2,60,0,110000,Pave,1Fam,1,1,0
81,NAmes,3038,6,6,1968,2142,1,100,0,193500,Pave,1Fam,2,1,0
82,Mitchel,2574,6,5,1998,1337,2,32,0,153500,Pave,TwnhsE,2,0,1
83,Somerst,3126,8,5,2007,1563,3,78,0,245000,Pave,1Fam,2,0,0
84,NAmes,2130,5,5,1960,1065,2,80,0,126500,Pave,1Fam,1,1,0
85,Gilbert,1858,7,5,1995,1474,2,,0,168500,Pave,1Fam,2,1,0
86,NoRidge,3705,8,5,1991,2417,2,121,0,260000,Pave,1Fam,2,1,0
87,Gilbert,2244,6,5,2005,1560,2,122,0,174000,Pave,1Fam,2,1,0
88,Somerst,1836,6,5,2009,1224,2,40,0,164500,Pave,TwnhsE,2,1,0
89,IDOTRR,2026,3,2,1915,1526,0,105,0,85000,Pave,1Fam,1,0,0
90,CollgCr,1980,4,5,1994,990,0,60,0,123600,Pave,1Fam,1,0,1
91,NAmes,1040,4,5,1950,1040,2,60,0,109900,Pave,1Fam,1,0,0
92,NAmes,2470,5,3,1961,1235,2,85,0,98600,Pave,1Fam,1,0,0
93,Crawfor,1840,5,7,1921,964,2,80,0,163500,Pave,1Fam,1,0,1
94,OldTown,3505,6,6,1910,2291,2,60,0,133900,Pave,2fmCon,2,0,0
95,CollgCr,2610,6,5,1997,1786,2,69,0,204750,Pave,1Fam,2,1,1
96,Gilbert,2150,6,8,1993,1470,2,,0,185000,Pave,1Fam,2,1,0
97,CollgCr,3176,7,5,1999,1588,2,78,0,214000,Pave,1Fam,2,0,0
98,Edwards,1920,4,5,1965,960,1,73,0,94750,Pave,1Fam,1,0,1
99,Edwards,1293,5,5,1920,835,1,85,0,83000,Pave,1Fam,1,0,0
100,NAmes,2175,4,5,1959,1225,0,77,0,128950,Pave,1Fam,1,1,1
101,NWAmes,3220,6,7,1977,1610,2,,0,205000,Pave,1Fam,2,0,1
102,SawyerW,2473,6,5,1985,1732,2,77,0,178000,Pave,1Fam,2,1,0
103,SawyerW,1535,5,5,1979,1535,2,64,0,118964,Pave,Duplex,2,0,0
104,CollgCr,2452,7,5,2009,1226,3,94,0,198900,Pave,1Fam,2,0,0
105,IDOTRR,2858,7,4,1931,1818,1,,0,169500,Pave,1Fam,1,1,0
106,Somerst,3045,8,5,2003,1992,2,75,0,250000,Pave,1Fam,2,1,0
107,OldTown,1688,4,7,1885,1047,1,60,0,100000,Pave,1Fam,1,0,0
108,OldTown,1578,5,5,1948,789,1,50,0,115000,Pave,1Fam,1,0,0
109,IDOTRR,2310,5,7,1919,1517,0,85,0,115000,Pave,1Fam,2,0,0
110,NWAmes,3688,6,6,1977,1844,2,105,0,190000,Pave,1Fam,2,0,0
111,Edwards,2849,6,4,1954,1855,1,75,0,136900,Pave,1Fam,2,0,0
112,Gilbert,1814,7,5,2000,1430,2,,0,180000,Pave,1Fam,2,1,0
113,CollgCr,3960,7,5,2007,2696,3,77,0,383970,Pave,1Fam,2,1,1
114,Crawfor,4068,6,5,1953,2259,2,,0,217000,Pave,1Fam,2,0,1
115,Crawfor,3348,6,8,1945,2320,1,61,0,259500,Pave,1Fam,2,1,1
116,Somerst,2187,6,5,1999,1458,2,34,0,176000,Pave,TwnhsE,2,1,0
117,Sawyer,2184,5,5,1962,1092,1,,0,139000,Pave,1Fam,1,0,0
118,Edwards,2250,5,5,2006,1125,2,74,0,155000,Pave,1Fam,1,1,0
119,SawyerW,4895,7,5,1990,3222,3,90,0,320000,Pave,1Fam,3,0,1
120,CollgCr,2184,6,5,2005,1456,2,65,0,163990,Pave,1Fam,2,1,0
121,ClearCr,1926,6,5,1969,988,2,,0,180000,Pave,1Fam,1,0,1
122,IDOTRR,1855,4,5,1939,1123,1,50,0,100000,Pave,1Fam,1,0,0
123,NAmes,2160,6,7,1958,1080,1,75,0,136000,Pave,1Fam,1,0,0
124,SawyerW,2398,6,5,1993,1199,2,55,0,153900,Pave,TwnhsE,2,0,0
125,NWAmes,2948,6,5,1979,1586,2,48,0,181000,Pave,1Fam,2,0,0
126,IDOTRR,1040,6,8,1935,754,0,60,0,84500,Pave,2fmCon,1,0,1
127,NPkVill,2036,6,5,1976,958,2,,0,128000,Pave,TwnhsE,2,0,0
128,OldTown,1512,5,7,1930,840,0,55,0,87000,Pave,1Fam,1,0,0
129,NAmes,2008,6,5,1966,1348,2,69,0,155000,Pave,1Fam,1,1,0
130,NAmes,2061,5,7,1958,1053,2,69,0,150000,Pave,1Fam,1,1,0
131,NAmes,3081,7,6,1966,2157,2,88,0,226000,Pave,1Fam,2,1,0
132,Gilbert,3046,6,5,2000,2054,2,,0,244000,Pave,1Fam,2,1,1
133,NAmes,2390,5,6,1959,1327,2,75,0,150750,Pave,1Fam,1,0,1
134,Timber,2563,8,5,2001,1296,2,,0,220000,Pave,1Fam,2,0,1
135,Sawyer,3182,5,6,1968,1721,2,78,0,180000,Pave,1Fam,2,1,0
136,NWAmes,2986,7,6,1970,1682,2,80,0,174000,Pave,1Fam,2,0,0
137,NAmes,2428,5,5,1967,1214,1,,0,143000,Pave,1Fam,2,0,0
138,Mitchel,3866,7,5,1988,1959,3,82,0,171000,Pave,Duplex,3,0,0
139,CollgCr,2856,8,5,1999,1852,3,73,0,230000,Pave,1Fam,2,1,0
140,CollgCr,2692,6,5,1997,1764,2,65,0,231500,Pave,1Fam,2,1,1
141,NAmes,1728,4,5,1971,864,0,70,0,115000,Pave,1Fam,1,0,0
142,CollgCr,3468,7,5,2005,1734,2,78,0,260000,Pave,1Fam,2,0,1
143,NAmes,2295,5,4,1952,1385,2,71,0,166000,Pave,1Fam,2,0,0
144,CollgCr,2991,7,5,1999,1501,2,78,0,204000,Pave,1Fam,2,0,1
145,Sawyer,3456,5,5,1963,1728,2,70,0,125000,Pave,Duplex,2,0,1
146,Edwards,2679,6,5,2004,1709,2,24,0,130000,Pave,Twnhs,2,0,0
147,BrkSide,1590,5,7,1931,875,1,51,0,105000,Pave,1Fam,1,0,1
148,Gilbert,2919,7,5,2001,2035,2,,0,222500,Pave,1Fam,2,1,0
149,SawyerW,2160,7,5,2004,1080,0,63,0,141000,Pave,1Fam,1,0,1
150,BrkSide,2240,5,4,1936,1344,1,,0,115000,Pave,1Fam,1,0,0
151,CollgCr,1938,5,6,1975,969,2,120,0,122000,Pave,1Fam,1,1,0
152,NridgHt,3420,8,5,2007,1710,3,107,0,372402,Pave,1Fam,2,0,1
153,NWAmes,2818,6,5,1971,1993,2,,0,190000,Pave,1Fam,2,1,0
154,ClearCr,2854,6,7,1960,1252,2,,0,235000,Pave,1Fam,1,0,1
155,OldTown,2400,6,5,1923,1200,1,84,0,125000,Pave,1Fam,1,0,0
156,Edwards,1668,6,5,1924,1096,0,60,0,79000,Pave,1Fam,1,0,0
157,NAmes,1040,5,7,1950,1040,2,60,0,109500,Pave,1Fam,1,0,0
158,Timber,2742,8,5,2009,1968,3,92,0,269500,Pave,1Fam,2,1,0
159,Somerst,2938,7,5,2004,1947,2,100,0,254900,Pave,1Fam,2,1,0
160,Gilbert,3854,7,5,2005,2462,2,134,0,320000,Pave,1Fam,2,1,1
161,Veenker,2464,6,6,1984,1232,2,,0,162500,Pave,1Fam,2,0,0
162,NridgHt,4240,9,5,2003,2668,3,110,0,412500,Pave,1Fam,2,1,1
163,NridgHt,3082,7,5,2005,1541,2,95,0,220000,Pave,1Fam,2,0,0
164,OldTown,1764,4,6,1956,882,0,55,0,103200,Pave,1Fam,1,0,0
165,OldTown,2765,6,7,1926,1616,1,40,0,152000,Pave,1Fam,2,0,0
166,Edwards,1999,5,7,1940,1355,0,62,0,127500,Pave,2fmCon,2,0,1
167,ClearCr,3484,5,5,1955,1867,1,,0,190000,Pave,1Fam,1,0,1
168,NridgHt,3743,8,5,2007,2161,3,86,0,325624,Pave,1Fam,1,1,1
169,Gilbert,2560,7,5,2004,1720,2,62,0,183500,Pave,1Fam,2,1,0
170,Timber,3393,8,6,1981,1707,2,,0,228000,Pave,1Fam,2,1,0
171,OldTown,1574,5,6,1941,1382,2,,0,128500,Pave,1Fam,1,1,0
172,NAmes,2736,6,5,1960,1656,2,141,0,215000,Pave,1Fam,1,0,1
173,StoneBr,2831,7,7,1987,1767,2,44,0,239000,Pave,TwnhsE,2,0,1
174,NAmes,2724,6,5,1961,1362,2,80,0,163000,Pave,1Fam,1,1,1
175,Timber,3257,6,5,1986,1651,2,47,0,184000,Pave,1Fam,2,0,1
176,Edwards,3360,6,7,1950,2158,2,84,0,243000,Pave,1Fam,2,0,1
177,ClearCr,3211,6,5,1988,2060,2,97,0,211000,Pave,1Fam,2,1,0
178,Sawyer,2972,5,5,1958,1920,2,,0,172500,Pave,1Fam,2,0,1
179,StoneBr,4450,9,5,2008,2234,3,63,0,501837,Pave,1Fam,2,0,1
180,OldTown,1936,5,6,1923,968,2,60,0,100000,Pave,1Fam,1,0,0
181,Somerst,2281,6,5,2000,1525,2,,0,177000,Pave,Twnhs,2,1,0
182,Crawfor,2595,7,6,1920,1802,1,54,0,200100,Pave,1Fam,1,1,0
183,Edwards,1340,5,6,1957,1340,1,60,0,120000,Pave,1Fam,1,0,0
184,OldTown,3444,7,5,2003,2082,2,63,0,200000,Pave,1Fam,2,1,0
185,BrkSide,1756,5,8,1908,1252,2,92,0,127000,Pave,1Fam,1,0,0
186,OldTown,4143,10,9,1892,3608,3,90,0,475000,Pave,1Fam,2,1,0
187,Mitchel,2405,7,5,1990,1217,2,,0,173000,Pave,1Fam,2,0,1
188,OldTown,2172,5,7,1916,1656,1,60,0,135000,Pave,1Fam,2,1,0
189,SawyerW,2310,5,5,1979,1224,2,64,0,153337,Pave,Duplex,0,2,2
190,StoneBr,3186,8,5,2001,1593,2,41,0,286000,Pave,TwnhsE,1,1,1
191,Crawfor,3580,8,8,1932,2727,2,70,0,315000,Pave,1Fam,2,1,0
192,NAmes,2204,7,9,1972,1479,2,,0,184000,Pave,1Fam,1,1,1
193,CollgCr,2862,7,5,1999,1431,2,68,0,192000,Pave,1Fam,2,0,1
194,Edwards,2679,7,5,2004,1709,2,24,0,130000,Pave,Twnhs,2,0,0
195,CollgCr,1728,5,7,1972,864,1,60,0,127000,Pave,1Fam,1,0,0
196,NPkVill,2311,6,6,1976,1456,2,24,0,148500,Pave,Twnhs,2,1,0
197,Somerst,3452,7,5,2007,1726,3,79,0,311872,Pave,1Fam,2,0,1
198,NAmes,4080,8,4,1918,3112,2,174,512,235000,Pave,1Fam,2,0,1
199,OldTown,2613,6,6,1912,2229,0,92,0,104000,Pave,1Fam,1,0,0
200,NridgHt,3426,8,5,2004,1713,3,76,0,274900,Pave,1Fam,2,0,1
201,Edwards,2242,4,5,2003,1121,2,80,0,140000,Pave,1Fam,2,0,0
202,Mitchel,2475,6,6,1977,1279,2,75,0,171500,Pave,1Fam,2,0,0
203,OldTown,1927,6,6,1924,1310,1,50,0,112000,Pave,1Fam,2,0,0
204,CollgCr,1696,6,5,2004,848,2,,0,149000,Pave,TwnhsE,1,0,1
205,OldTown,2004,5,7,1947,1284,1,50,0,110000,Pave,1Fam,1,1,0
206,Gilbert,2866,7,5,1990,1442,2,99,0,180500,Pave,1Fam,2,0,0
207,Sawyer,2836,5,5,1962,1696,1,40,0,143900,Pave,1Fam,1,1,0
208,NAmes,2200,4,5,1960,1100,1,,0,141000,Pave,1Fam,1,0,1
209,SawyerW,3219,7,5,1988,2062,2,,0,277000,Pave,1Fam,2,1,1
210,NAmes,2184,6,7,1964,1092,2,75,0,145000,Pave,1Fam,1,0,1
211,Edwards,1728,5,6,1925,864,0,67,0,98000,Pave,1Fam,1,0,1
212,Edwards,2424,6,5,2009,1212,2,83,0,186000,Pave,1Fam,2,0,0
213,Somerst,2752,7,5,2009,1852,2,72,0,252678,Pave,1Fam,2,1,1
214,CollgCr,1980,5,5,1995,990,2,43,0,156000,Pave,1Fam,1,0,0
215,CollgCr,2081,6,7,1977,1392,1,,0,161750,Pave,1Fam,1,1,0
216,NAmes,2306,5,6,1957,1236,1,72,0,134450,Pave,1Fam,1,0,0
217,CollgCr,2872,7,5,2004,1436,2,65,0,210000,Pave,1Fam,2,0,1
218,OldTown,2014,4,4,1925,1328,1,57,0,107000,Pave,1Fam,1,0,0
219,Crawfor,2752,7,9,1939,1954,2,,0,311500,Pave,1Fam,1,1,0
220,Blmngtn,2496,7,5,2005,1248,2,43,0,167240,Pave,TwnhsE,2,0,0
221,CollgCr,2996,7,5,2006,1498,2,73,0,204900,Pave,1Fam,2,0,0
222,Gilbert,3277,6,5,2002,2267,2,,0,200000,Pave,1Fam,2,1,0
223,NWAmes,2265,6,6,1975,1552,2,85,0,179900,Pave,1Fam,2,1,1
224,NAmes,1728,4,6,1971,864,2,70,0,97000,Pave,1Fam,1,0,0
225,NridgHt,4784,10,5,2003,2392,3,103,0,386250,Pave,1Fam,2,0,0
226,BrDale,1932,5,5,1971,1302,1,21,0,112000,Pave,Twnhs,2,1,0
227,NoRidge,3723,7,5,1995,2520,3,82,0,290000,Pave,1Fam,2,1,0
228,BrDale,1470,6,6,1970,987,1,21,0,106000,Pave,Twnhs,1,1,0
229,Sawyer,1824,5,5,1967,912,1,70,0,125000,Pave,1Fam,1,0,0
230,Blmngtn,2928,7,5,2005,1555,2,43,0,192500,Pave,TwnhsE,2,0,0
231,NAmes,2388,6,6,1959,1194,1,73,0,148000,Pave,1Fam,1,0,1
232,NoRidge,4256,8,5,1995,2794,3,174,0,403000,Pave,1Fam,2,1,1
233,BrDale,1470,6,5,1972,987,1,21,0,94500,Pave,Twnhs,1,1,0
234,CollgCr,1788,5,6,1976,894,1,75,0,128200,Pave,1Fam,1,0,1
235,Gilbert,2820,6,5,2002,1960,2,,0,216500,Pave,1Fam,2,1,1
236,BrDale,1470,6,3,1971,987,1,21,0,89500,Pave,TwnhsE,1,1,0
237,CollgCr,2828,7,5,2004,1414,2,65,0,185500,Pave,1Fam,2,0,0
238,SawyerW,2740,7,7,1993,1744,2,,0,194500,Pave,1Fam,2,1,0
239,NridgHt,3388,8,5,2007,1694,3,93,0,318000,Pave,1Fam,2,0,0
240,Edwards,2222,6,4,1945,1487,1,52,0,113000,Pave,1Fam,1,1,0
241,Somerst,3132,8,5,2008,1566,2,75,0,262500,Pave,1Fam,2,0,1
242,OldTown,1552,5,9,1945,866,0,40,0,110500,Pave,1Fam,1,0,0
243,OldTown,1980,5,4,1900,1440,1,63,0,79000,Pave,1Fam,1,0,0
244,SawyerW,1843,6,6,1980,1217,1,75,0,120000,Pave,TwnhsE,1,1,0
245,SawyerW,3058,7,5,1994,2110,2,,0,205000,Pave,1Fam,2,1,1
246,NWAmes,3717,7,5,1988,1872,2,80,0,241500,Pave,1Fam,2,0,0
247,OldTown,2948,6,8,1910,1928,1,69,0,137000,Pave,2fmCon,2,0,0
248,NAmes,2742,6,5,1954,1375,2,75,0,140000,Pave,1Fam,1,0,0
249,CollgCr,2508,7,5,2003,1668,2,72,0,180000,Pave,1Fam,2,1,0
250,ClearCr,3588,6,7,1958,2144,2,,0,277000,Pave,1Fam,2,0,0
251,BrkSide,2034,3,2,1940,1306,0,55,0,76500,Pave,1Fam,1,0,0
252,Crawfor,3198,8,5,2006,1625,2,44,0,235000,Pave,TwnhsE,2,0,1
253,SawyerW,2438,6,5,2004,1640,2,65,0,173000,Pave,1Fam,2,1,0
254,NAmes,2604,6,7,1964,1302,1,85,0,158000,Pave,1Fam,2,0,0
255,NAmes,2628,5,6,1957,1314,1,70,0,145000,Pave,1Fam,1,0,1
256,Gilbert,3266,7,5,1999,2291,2,66,0,230000,Pave,1Fam,2,1,0
257,Somerst,2592,6,5,2003,1728,2,64,0,207500,Pave,1Fam,2,1,0
258,CollgCr,3208,7,5,2006,1604,2,68,0,220000,Pave,1Fam,2,1,1
259,CollgCr,2755,7,5,2001,1792,2,80,0,231500,Pave,1Fam,2,1,0
260,OldTown,882,5,5,1956,882,1,70,0,97000,Pave,1Fam,1,0,0
261,NAmes,2744,6,5,1962,1382,2,120,0,176000,Pave,1Fam,1,0,1
262,CollgCr,4056,8,5,2007,2574,3,69,0,276000,Pave,1Fam,2,1,0
263,Sawyer,1718,6,7,1977,1212,2,88,0,151000,Pave,1Fam,1,0,1
264,OldTown,1852,5,7,1929,1316,2,50,0,130000,Pave,1Fam,1,0,1
265,OldTown,1444,5,5,1925,764,2,30,0,73000,Pave,1Fam,1,0,0
266,NWAmes,2844,6,6,1981,1422,2,78,0,175500,Pave,1Fam,2,0,0
267,Gilbert,2313,6,5,1997,1511,2,70,0,185000,Pave,1Fam,2,1,1
268,SWISU,2492,5,8,1939,2192,1,60,0,179500,Pave,1Fam,2,1,0
269,IDOTRR,1518,5,6,1940,778,1,71,0,120500,Pave,1Fam,1,0,0
270,Edwards,2256,6,7,1976,1113,1,,0,148000,Pave,1Fam,1,1,1
271,Somerst,3034,8,5,2006,1939,3,84,0,266000,Pave,1Fam,2,1,0
272,ClearCr,2748,7,7,1954,1363,2,73,0,241500,Pave,1Fam,1,0,1
273,NoRidge,3422,8,7,1999,2270,3,92,0,290000,Pave,1Fam,2,1,0
274,NAmes,2872,6,6,1958,1632,1,80,0,139000,Pave,1Fam,2,0,1
275,Mitchel,1632,5,7,1982,816,1,76,0,124500,Pave,1Fam,1,0,0
276,BrkSide,2500,7,7,1925,1548,2,55,0,205000,Pave,1Fam,2,1,0
277,Mitchel,3120,7,5,2003,1560,2,129,0,201000,Pave,1Fam,2,0,0
278,Gilbert,1728,4,5,1951,864,2,140,0,141000,Pave,1Fam,1,0,0
279,NridgHt,4242,9,5,2006,2121,3,107,0,415298,Pave,1Fam,2,1,0
280,ClearCr,3182,7,5,1977,2022,2,83,0,192000,Pave,1Fam,2,1,0
281,SawyerW,2789,7,6,1989,1982,2,82,0,228500,Pave,1Fam,2,1,0
282,Somerst,2524,6,5,2006,1262,2,60,0,185000,Pave,1Fam,2,0,0
283,NridgHt,2628,7,5,2007,1314,2,34,0,207500,Pave,Twnhs,2,0,1
284,Somerst,2936,8,5,2008,1468,3,74,0,244600,Pave,1Fam,2,0,0
285,SawyerW,3150,6,5,1992,1575,2,50,0,179200,Pave,TwnhsE,2,0,1
286,Somerst,1875,7,5,2006,1250,2,35,0,164700,Pave,TwnhsE,2,1,0
287,NAmes,2646,6,7,1962,1734,2,77,0,159000,Pave,1Fam,1,1,0
288,NAmes,1716,4,4,1971,858,0,,0,88000,Pave,1Fam,1,0,0
289,Sawyer,1782,5,5,1967,900,1,,0,122000,Pave,1Fam,1,0,0
290,BrkSide,2094,6,7,1915,1396,1,60,0,153575,Pave,1Fam,1,0,0
291,CollgCr,2998,8,5,2006,1919,2,120,0,233230,Pave,1Fam,2,1,0
292,SWISU,2496,5,6,1912,1716,0,55,0,135900,Pave,2fmCon,2,0,1
293,Edwards,2484,5,4,1949,1716,1,60,0,131000,Pave,1Fam,1,1,0
294,NWAmes,3058,7,7,1977,2263,2,,0,235000,Pave,1Fam,2,1,1
295,NAmes,3060,6,5,1953,1644,2,80,0,167000,Pave,1Fam,1,0,1
296,Mitchel,2006,6,6,1984,1003,2,37,0,142500,Pave,1Fam,1,0,1
297,IDOTRR,2468,5,5,1950,1558,1,75,0,152000,Pave,1Fam,1,1,0
298,Somerst,2925,7,5,1997,1950,2,66,0,239000,Pave,1Fam,2,1,0
299,NWAmes,2445,6,6,1968,1743,2,90,0,175000,Pave,1Fam,1,2,0
300,Crawfor,2244,6,8,1950,1152,1,80,0,158500,Pave,1Fam,1,0,0
301,Crawfor,2501,5,5,1953,1336,1,90,0,157000,Pave,2fmCon,1,0,1
302,CollgCr,3480,8,5,1998,2452,2,66,0,267000,Pave,1Fam,2,1,0
303,CollgCr,3082,7,5,2001,1541,3,118,0,205000,Pave,1Fam,2,0,0
304,CollgCr,1788,5,7,1972,894,2,70,0,149900,Pave,1Fam,1,0,1
305,OldTown,4963,7,9,1880,3493,3,87,0,295000,Pave,1Fam,3,0,0
306,CollgCr,4000,8,5,2004,2000,3,80,0,305900,Pave,1Fam,2,0,1
307,SawyerW,2943,7,5,1990,2243,3,116,0,225000,Pave,1Fam,2,1,1
308,IDOTRR,1725,6,7,1920,1406,0,,0,89500,Pave,1Fam,1,0,0
309,Edwards,1722,4,5,1940,861,2,,0,82500,Pave,1Fam,1,0,0
310,NridgHt,3840,9,5,2003,1944,3,90,0,360000,Pave,1Fam,2,0,1
311,Gilbert,2198,6,5,1993,1501,2,,0,165600,Pave,1Fam,2,1,0
312,NAmes,1944,6,6,1948,972,1,50,0,132000,Pave,1Fam,1,0,1
313,OldTown,1911,5,7,1939,1118,2,65,0,119900,Pave,2fmCon,1,0,1
314,Timber,4172,7,5,1965,2036,2,150,0,375000,Pave,1Fam,2,0,2
315,OldTown,2369,7,7,1925,1641,2,60,0,178000,Pave,1Fam,1,1,0
316,Gilbert,2148,7,5,2004,1432,2,71,0,188500,Pave,1Fam,2,1,1
317,NWAmes,3198,7,7,1980,2353,2,94,0,260000,Pave,1Fam,2,1,1
318,Somerst,3047,8,5,2006,1959,3,75,0,270000,Pave,1Fam,2,1,0
319,NoRidge,3993,7,5,1993,2646,3,90,0,260000,Pave,1Fam,2,1,1
320,NWAmes,2844,7,5,1980,1472,2,,0,187500,Pave,1Fam,2,0,1
321,NridgHt,3845,9,5,2006,2596,3,111,0,342643,Pave,1Fam,3,1,0
322,NridgHt,3604,8,5,2004,2468,3,99,0,354000,Pave,1Fam,2,1,1
323,SawyerW,4232,7,5,1986,2730,2,86,0,301000,Pave,1Fam,2,1,1
324,OldTown,2325,3,8,1955,1163,1,49,0,126175,Pave,1Fam,1,0,1
325,NAmes,3688,7,7,1967,2978,2,96,0,242000,Pave,1Fam,2,1,0
326,IDOTRR,1523,5,6,1941,803,2,50,0,87000,Pave,1Fam,1,0,0
327,Veenker,3438,8,5,1993,1719,2,32,0,324000,Pave,TwnhsE,1,1,2
328,NAmes,2766,6,5,1960,1383,1,80,0,145250,Pave,1Fam,1,1,0
329,BrkSide,2978,6,6,1916,2134,2,,0,214500,Pave,1Fam,2,0,0
330,IDOTRR,1788,5,5,1920,1192,1,60,0,78000,Pave,1Fam,1,0,0
331,NAmes,3456,5,4,1964,1728,1,,0,119000,Pave,Duplex,2,0,0
332,NAmes,2112,5,6,1958,1056,1,70,0,139000,Pave,1Fam,1,0,1
333,NridgHt,4835,8,5,2003,1629,3,85,0,284000,Pave,1Fam,2,0,1
334,NridgHt,2716,7,5,2004,1358,2,59,0,207000,Pave,TwnhsE,2,0,1
335,Gilbert,2581,6,5,1998,1638,2,59,0,192000,Pave,1Fam,2,1,1
336,Timber,3285,5,6,1965,1786,2,,0,228950,Grvl,2fmCon,2,0,2
337,StoneBr,3844,9,5,2005,1922,3,86,0,377426,Pave,1Fam,2,0,1
338,CollgCr,3072,7,5,2002,1536,2,70,0,214000,Pave,1Fam,2,0,1
339,NWAmes,2829,7,7,1984,1621,2,91,0,202500,Pave,1Fam,2,0,1
340,NAmes,2430,6,7,1958,1215,1,66,0,155000,Pave,1Fam,1,0,0
341,Timber,2875,8,5,2002,1908,2,85,0,202900,Pave,1Fam,2,1,0
342,SawyerW,1562,4,4,1950,841,1,60,0,82000,Pave,1Fam,1,0,0
343,NAmes,1040,3,4,1949,1040,2,,0,87500,Pave,Duplex,2,0,0
344,NridgHt,3368,9,5,2005,1684,2,63,0,266000,Pave,TwnhsE,2,0,0
345,MeadowV,1648,5,3,1976,1112,1,36,0,85000,Pave,TwnhsE,1,1,0
346,BrkSide,2549,6,5,1939,1577,1,65,0,140200,Pave,1Fam,1,0,0
347,NAmes,1916,6,8,1960,958,1,,0,151500,Pave,1Fam,1,0,0
348,NAmes,2956,6,5,1960,1478,2,,0,157500,Pave,1Fam,2,0,1
349,NridgHt,2390,7,5,2003,1626,2,36,0,154000,Pave,Twnhs,2,1,1
350,NridgHt,4576,9,5,2005,2728,3,56,0,437154,Pave,1Fam,2,1,1
351,NridgHt,3738,9,5,2007,1869,2,68,0,318061,Pave,TwnhsE,2,0,0
352,ClearCr,2906,7,5,1986,1453,2,,0,190000,Pave,1Fam,1,1,1
353,Edwards,1727,5,6,1941,1111,1,60,0,95000,Pave,1Fam,1,0,0
354,OldTown,1344,6,8,1928,720,2,60,0,105900,Pave,1Fam,1,0,0
355,SWISU,2535,6,5,1940,1595,1,60,0,140000,Pave,1Fam,1,0,0
356,CollgCr,2400,6,5,1995,1200,2,105,0,177500,Pave,1Fam,2,0,1
357,Gilbert,2325,6,6,1992,1167,2,,0,173000,Pave,1Fam,2,0,1
358,MeadowV,2284,5,5,1976,1142,2,44,0,134000,Pave,TwnhsE,1,1,1
359,ClearCr,2414,5,4,1958,1352,1,92,0,130000,Pave,1Fam,1,0,0
360,NoRidge,3010,8,5,1998,1924,2,78,0,280000,Pave,1Fam,2,1,1
361,Mitchel,1800,6,6,1978,912,2,,0,156000,Pave,1Fam,1,0,1
362,BrkSide,2388,5,5,1940,1505,1,,0,145000,Pave,1Fam,1,0,1
363,Edwards,1922,7,5,2003,1922,2,64,0,198500,Pave,1Fam,3,0,0
364,BrDale,1470,6,8,1972,987,1,21,0,118000,Pave,Twnhs,1,1,0
365,NWAmes,2370,6,5,1976,1574,2,,0,190000,Pave,1Fam,2,1,1
366,IDOTRR,2016,5,7,1920,1344,1,59,0,147000,Pave,1Fam,1,0,0
367,NAmes,2788,6,5,1963,1394,2,,0,159000,Pave,1Fam,1,1,1
368,NAmes,2530,6,5,1962,1431,1,101,0,165000,Pave,1Fam,1,0,0
369,NAmes,2536,5,6,1954,1268,1,78,0,132000,Pave,1Fam,1,0,0
370,NAmes,2350,5,7,1959,1287,2,,0,162000,Pave,1Fam,1,0,1
371,Gilbert,2617,6,5,2000,1664,2,,0,172400,Pave,1Fam,2,1,0
372,ClearCr,1588,4,4,1959,1588,2,80,0,134432,Pave,1Fam,2,0,0
373,SawyerW,1496,6,5,1984,752,1,50,0,125000,Pave,TwnhsE,1,0,1
374,NAmes,1927,5,6,1953,1319,1,79,0,123000,Pave,1Fam,1,0,1
375,CollgCr,2775,7,5,2003,1928,2,65,0,219500,Pave,1Fam,2,1,0
376,Edwards,1587,1,1,1922,904,0,,0,61000,Pave,1Fam,0,1,1
377,CollgCr,1784,5,5,1996,914,2,57,0,148000,Pave,1Fam,1,0,0
378,Somerst,4046,8,5,2004,2466,2,102,0,340000,Pave,1Fam,3,0,0
379,StoneBr,3712,9,2,2010,1856,3,88,0,394432,Pave,1Fam,1,1,1
380,Gilbert,2782,6,5,2000,1800,2,60,0,179000,Pave,1Fam,2,1,0
381,SWISU,2717,5,6,1924,1691,1,50,0,127000,Pave,1Fam,2,0,0
382,Somerst,2594,7,5,2006,1301,2,60,0,187750,Pave,1Fam,2,0,1
383,CollgCr,2736,7,5,2006,1797,2,79,0,213500,Pave,1Fam,2,1,0
384,SawyerW,1568,6,3,1928,784,2,60,0,76000,Pave,1Fam,1,0,0
385,ClearCr,3533,6,5,1992,1953,2,,0,240000,Pave,1Fam,2,1,1
386,Blmngtn,2525,8,5,2004,1269,2,43,0,192000,Pave,TwnhsE,2,0,0
387,Edwards,1842,5,3,1910,1184,0,58,0,81000,Pave,1Fam,1,0,0
388,Edwards,2166,6,6,1976,1125,1,72,0,125000,Pave,1Fam,1,0,1
389,CollgCr,2947,7,5,1999,1479,2,93,0,191000,Pave,1Fam,2,0,0
390,NridgHt,4014,10,5,2007,2332,3,96,0,426000,Pave,1Fam,2,1,1
391,Edwards,2228,5,8,1900,1367,1,50,0,119000,Pave,1Fam,1,0,1
392,Mitchel,2765,6,5,2001,1961,2,71,0,215000,Pave,1Fam,2,1,1
393,NAmes,882,5,7,1959,882,1,,0,106500,Pave,1Fam,1,0,0
394,BrkSide,1576,4,5,1941,788,0,,0,100000,Pave,1Fam,1,0,0
395,OldTown,1769,5,6,1940,1034,1,60,0,109000,Pave,1Fam,1,0,0
396,Edwards,2288,5,6,1956,1144,1,68,0,129000,Pave,1Fam,1,0,1
397,CollgCr,1788,5,5,1972,894,2,60,0,123000,Pave,1Fam,1,0,0
398,NAmes,2676,5,5,1962,1812,1,69,0,169500,Pave,1Fam,2,0,0
399,IDOTRR,2038,5,2,1920,1077,1,60,0,67000,Pave,1Fam,1,0,0
400,Somerst,2642,7,5,2006,1550,2,65,0,241000,Pave,1Fam,2,0,1
401,Veenker,2548,8,5,1996,1288,2,38,0,245500,Pave,TwnhsE,1,1,1
402,CollgCr,2620,7,5,2005,1310,2,65,0,164990,Pave,1Fam,2,0,0
403,Sawyer,1344,5,8,1940,672,1,60,0,108000,Pave,1Fam,1,0,0
404,NoRidge,3404,8,5,1998,2263,2,93,0,258000,Pave,1Fam,2,1,0
405,Gilbert,2378,6,5,1995,1572,2,,0,168000,Pave,1Fam,2,1,0
406,Sawyer,2901,4,4,1976,1620,2,,0,150000,Pave,1Fam,2,0,1
407,SWISU,2230,6,5,1936,1639,1,51,0,115000,Pave,1Fam,1,0,0
408,Crawfor,2520,6,7,1915,1680,1,63,0,177000,Pave,1Fam,2,0,0
409,NridgHt,3235,7,5,2006,2172,3,109,0,280000,Pave,1Fam,2,1,0
410,Somerst,3112,8,5,2007,2078,3,85,0,339750,Pave,1Fam,2,1,1
411,Edwards,2552,5,3,1958,1276,1,68,0,60000,Pave,1Fam,1,0,0
412,Gilbert,2112,5,5,1955,1056,2,100,0,145000,Pave,2fmCon,1,0,1
413,Somerst,2948,7,5,2009,1478,2,,0,222000,Pave,1Fam,2,1,1
414,OldTown,2036,5,6,1927,1028,2,56,0,115000,Pave,1Fam,1,0,0
415,SawyerW,3177,7,5,1993,2097,3,59,0,228000,Pave,1Fam,2,1,0
416,Gilbert,2680,7,5,2007,1340,2,73,0,181134,Pave,1Fam,2,0,0
417,Sawyer,2072,6,7,1978,1400,2,74,0,149500,Pave,1Fam,1,1,0
418,Crawfor,3994,6,6,1918,2624,3,86,0,239000,Pave,1Fam,2,1,1
419,Edwards,1890,5,6,1940,1134,1,60,0,126000,Pave,1Fam,1,1,1
420,NAmes,2112,5,6,1968,1056,1,65,0,142000,Pave,1Fam,1,0,1
421,Mitchel,2688,7,5,1997,1344,4,78,0,206300,Pave,Duplex,2,0,2
422,NWAmes,3204,6,7,1977,1602,2,,0,215000,Pave,1Fam,2,0,0
423,Mitchel,1976,5,5,1954,988,2,100,0,113000,Pave,1Fam,1,0,0
424,NoRidge,4100,8,5,1998,2630,3,80,0,315000,Pave,1Fam,2,1,1
425,NAmes,2392,6,5,1956,1196,1,72,0,139000,Pave,1Fam,1,0,1
426,OldTown,2040,7,8,1946,1389,1,60,0,135000,Pave,1Fam,1,1,0
427,SawyerW,3162,7,5,1989,1644,2,,0,275000,Pave,1Fam,2,0,1
428,NAmes,1814,4,6,1957,907,1,77,0,109008,Pave,1Fam,1,0,0
429,CollgCr,2416,7,5,2007,1208,2,64,0,195400,Pave,1Fam,2,0,1
430,Timber,2804,6,5,1988,1412,2,130,0,175000,Pave,1Fam,2,0,1
431,BrDale,1470,6,5,1971,987,1,21,0,85400,Pave,Twnhs,1,1,0
432,OldTown,2099,6,7,1920,1198,0,60,0,79900,Pave,1Fam,1,0,0
433,BrDale,2130,5,5,1971,1365,2,24,0,122500,Pave,TwnhsE,1,1,1
434,Gilbert,2530,6,5,1997,1604,2,100,0,181000,Pave,1Fam,2,1,0
435,MeadowV,1260,4,7,1972,630,0,21,0,81000,Pave,Twnhs,1,0,1
436,CollgCr,2460,7,6,1996,1661,2,43,0,212000,Pave,1Fam,2,1,1
437,OldTown,1766,6,8,1920,1118,2,40,0,116000,Pave,1Fam,1,0,0
438,BrkSide,1788,6,7,1926,904,1,50,0,119000,Pave,1Fam,1,0,0
439,Crawfor,1134,5,6,1913,694,1,40,0,90350,Pave,1Fam,1,0,0
440,Edwards,1880,6,8,1920,1196,2,67,0,110000,Pave,1Fam,1,0,0
441,NridgHt,5496,10,5,2008,2402,3,105,0,555000,Pave,1Fam,2,0,1
442,Edwards,2880,4,4,1955,1440,0,92,0,118000,Pave,Duplex,2,0,0
443,BrkSide,2651,5,7,1930,1573,2,52,0,162900,Pave,1Fam,2,0,0
444,Blmngtn,2516,7,5,2006,1258,3,53,0,172500,Pave,TwnhsE,2,0,0
445,CollgCr,2823,7,5,1994,1908,2,70,0,210000,Pave,1Fam,2,1,1
446,Edwards,3125,6,5,1956,1689,2,73,0,127500,Pave,1Fam,1,0,0
447,NAmes,3405,6,6,1966,1888,2,137,0,190000,Pave,1Fam,2,1,0
448,Gilbert,2816,7,5,1998,1886,2,,0,199900,Pave,1Fam,2,1,0
449,IDOTRR,2156,6,6,1937,1376,1,50,0,119500,Pave,1Fam,2,0,0
450,OldTown,1832,3,7,1948,1183,1,50,0,120000,Pave,1Fam,1,1,0
451,OldTown,1626,6,8,1930,813,1,70,0,110000,Pave,1Fam,1,0,0
452,ClearCr,3066,7,5,1975,1533,2,62,0,280000,Pave,1Fam,2,0,1
453,Timber,2628,6,5,1996,1756,2,,0,204000,Pave,1Fam,2,1,1
454,Somerst,2358,8,5,2008,1590,2,75,0,210000,Pave,1Fam,2,1,0
455,Mitchel,3456,5,5,1976,1728,2,63,0,188000,Pave,Duplex,2,0,2
456,NWAmes,2484,7,6,1973,1242,2,80,0,175500,Pave,1Fam,1,1,0
457,OldTown,1968,5,5,1916,1344,3,34,0,98000,Pave,1Fam,1,0,0
458,ClearCr,3027,4,6,1954,1663,2,,0,256000,Pave,1Fam,1,0,1
459,OldTown,2254,8,7,1925,1666,1,,0,161000,Pave,1Fam,1,0,0
460,BrkSide,1912,5,4,1950,1203,1,,0,110000,Pave,1Fam,1,0,1
461,Somerst,2767,8,5,2009,1935,2,75,0,263435,Pave,1Fam,2,1,1
462,SWISU,1695,7,9,1936,1135,2,60,0,155000,Pave,1Fam,1,0,1
463,Sawyer,1728,5,5,1965,864,1,60,0,62383,Pave,1Fam,1,0,0
464,Crawfor,2375,6,7,1934,1660,1,74,0,188700,Pave,1Fam,1,1,0
465,CollgCr,2080,5,5,1978,1040,0,60,0,124000,Pave,1Fam,2,0,0
466,Blmngtn,2789,7,5,2004,1414,2,,0,178740,Pave,TwnhsE,2,0,0
467,NAmes,2554,7,5,1970,1277,2,85,0,167000,Pave,1Fam,1,0,1
468,NAmes,2372,5,7,1942,1644,1,79,0,146500,Pave,1Fam,1,1,0
469,NridgHt,3260,8,5,2006,1634,3,98,0,250000,Pave,1Fam,2,0,0
470,SawyerW,2542,6,5,1993,1710,2,76,0,187000,Pave,1Fam,2,1,0
471,StoneBr,2990,8,5,1985,1502,2,,0,212000,Pave,TwnhsE,1,1,1
472,NWAmes,2777,7,6,1977,1969,2,92,0,190000,Pave,1Fam,2,1,0
473,Edwards,1619,6,5,2005,1072,2,35,0,148000,Pave,TwnhsE,1,0,1
474,NridgHt,3952,8,5,2006,1976,3,110,0,440000,Pave,1Fam,2,0,1
475,StoneBr,3146,8,5,2000,1652,2,41,0,251000,Pave,TwnhsE,2,0,1
476,Sawyer,1940,5,6,1963,970,2,80,0,132500,Pave,1Fam,1,0,1
477,CollgCr,2971,6,5,1997,1493,2,75,0,208900,Pave,1Fam,2,0,1
478,NridgHt,4796,9,5,2006,2643,3,105,0,380000,Pave,1Fam,2,1,0
479,CollgCr,3423,8,5,2007,1718,3,79,0,297000,Pave,1Fam,2,0,1
480,OldTown,2038,4,7,1937,1131,2,50,0,89471,Pave,1Fam,1,0,0
481,NridgHt,3683,9,5,2004,1850,3,98,0,326000,Pave,1Fam,2,0,1
482,NridgHt,3584,9,5,2003,1792,3,72,0,374000,Pave,1Fam,2,0,1
483,OldTown,2736,7,8,1915,1826,1,50,0,155000,Pave,1Fam,1,1,1
484,Mitchel,2432,6,5,1998,1216,2,32,0,164000,Pave,Twnhs,2,0,1
485,Sawyer,1998,5,7,1962,999,1,,0,132500,Pave,1Fam,1,0,1
486,NAmes,2226,5,7,1950,1113,1,80,0,147000,Pave,1Fam,1,0,0
487,NAmes,2146,5,7,1965,1073,2,79,0,156000,Pave,1Fam,1,1,1
488,NWAmes,2968,5,6,1971,1484,2,70,0,175000,Pave,1Fam,2,0,0
489,OldTown,3368,5,4,1900,2414,2,60,0,160000,Pave,2fmCon,2,0,0
490,MeadowV,1260,4,8,1970,630,1,21,0,86000,Pave,Twnhs,1,0,1
491,MeadowV,1568,5,6,1976,1304,1,,0,115000,Pave,TwnhsE,1,1,0
492,NAmes,2384,6,7,1941,1578,1,79,0,133000,Pave,1Fam,1,0,1
493,Gilbert,2184,6,5,2006,1456,2,105,0,172785,Pave,1Fam,2,1,0
494,NAmes,2538,5,6,1960,1269,1,70,0,155000,Pave,1Fam,1,1,0
495,OldTown,1076,5,8,1938,886,1,50,0,91300,Pave,1Fam,1,0,0
496,IDOTRR,1440,4,5,1920,720,0,60,0,34900,Pave,1Fam,1,0,0
497,NoRidge,6428,8,5,1992,3228,2,,0,430000,Pave,1Fam,3,0,1
498,BrkSide,2846,7,6,1925,1820,1,60,0,184000,Pave,1Fam,2,0,1
499,Sawyer,1763,5,7,1967,899,1,65,0,130000,Pave,1Fam,1,0,0
500,NAmes,1824,5,7,1958,912,1,70,0,120000,Pave,1Fam,1,0,0
501,BrDale,1890,6,5,1973,1218,1,21,0,113000,Pave,Twnhs,1,1,0
502,Somerst,2634,7,5,2005,1768,2,75,0,226700,Pave,1Fam,2,1,0
503,Edwards,2428,5,7,1965,1214,2,70,0,140000,Pave,1Fam,1,0,1
504,Crawfor,3302,7,8,1959,1801,2,100,0,289000,Pave,1Fam,2,0,1
505,NPkVill,2177,6,5,1974,1322,2,24,0,147000,Pave,TwnhsE,2,1,0
506,OldTown,2920,5,5,1952,1960,2,60,0,124500,Pave,Duplex,2,0,0
507,SawyerW,2688,8,5,1993,1911,2,80,0,215000,Pave,1Fam,2,1,0
508,Somerst,2436,6,5,2009,1218,2,75,0,208300,Pave,1Fam,2,0,0
509,OldTown,2067,7,9,1928,1378,2,60,0,161000,Pave,1Fam,2,0,0
510,NAmes,2082,5,6,1959,1041,1,80,0,124500,Pave,1Fam,1,0,1
511,NAmes,2371,5,7,1951,1363,1,75,0,164900,Pave,1Fam,1,0,1
512,NridgHt,2736,7,5,2005,1368,2,40,0,202665,Pave,TwnhsE,2,0,0
513,NAmes,1728,5,5,1958,864,2,70,0,129900,Pave,1Fam,1,0,1
514,Mitchel,2164,6,5,1983,1080,2,71,0,134000,Pave,1Fam,1,1,0
515,Crawfor,1557,5,5,1926,789,1,55,0,96500,Pave,1Fam,1,0,0
516,NridgHt,4026,10,5,2009,2020,3,94,0,402861,Pave,1Fam,2,1,1
517,NWAmes,2808,6,6,1972,2119,2,,0,158000,Pave,1Fam,2,1,0
518,NoRidge,3608,7,5,1996,2344,3,79,0,265000,Pave,1Fam,2,1,0
519,CollgCr,2590,6,5,1998,1796,2,,0,211000,Pave,1Fam,2,1,1
520,Crawfor,3356,7,9,1926,2080,1,53,0,234000,Pave,1Fam,1,1,0
521,OldTown,1294,4,7,1900,1294,0,60,0,106250,Pave,2fmCon,2,0,0
522,NAmes,2488,6,6,1957,1244,1,90,0,150000,Pave,1Fam,1,1,0
523,BrkSide,2668,6,7,1947,1664,2,50,0,159000,Pave,1Fam,2,0,0
524,Edwards,7814,10,5,2007,4676,3,130,0,184750,Pave,1Fam,3,1,1
525,NoRidge,3777,7,5,1996,2398,3,95,0,315750,Pave,1Fam,2,1,1
526,Somerst,2523,7,5,2005,1266,2,62,0,176000,Pave,1Fam,2,0,0
527,NAmes,1856,5,7,1956,928,1,70,0,132000,Pave,1Fam,1,0,0
528,NridgHt,4165,9,5,2008,2713,3,67,0,446261,Pave,1Fam,2,1,1
529,Edwards,1133,4,7,1920,605,0,58,0,86000,Pave,1Fam,1,0,1
530,Crawfor,4550,6,3,1957,2515,2,,0,200624,Pave,1Fam,3,0,1
531,Timber,2970,6,5,1988,1509,2,85,0,175000,Pave,1Fam,2,0,1
532,BrkSide,1973,6,8,1920,1362,2,60,0,128000,Pave,1Fam,2,0,0
533,NAmes,827,5,7,1955,827,1,60,0,107500,Pave,1Fam,1,0,0
534,BrkSide,334,1,3,1946,334,0,50,0,39300,Pave,1Fam,1,0,0
535,Gilbert,2121,8,5,2004,1414,2,74,0,178000,Pave,1Fam,2,1,0
536,Edwards,2464,5,7,1910,1347,0,70,0,107500,Pave,2fmCon,1,0,1
537,CollgCr,2604,7,5,1998,1724,2,57,0,188000,Pave,1Fam,2,1,0
538,NAmes,1728,4,5,1972,864,2,,0,111250,Pave,1Fam,1,0,0
539,Sawyer,2210,5,5,1968,1159,1,,0,158000,Pave,1Fam,1,1,0
540,CollgCr,3182,8,5,2001,1601,2,,0,272000,Pave,1Fam,2,0,1
541,Timber,3676,9,5,2006,1838,3,85,0,315000,Pave,1Fam,2,0,1
542,NoRidge,3254,8,5,2000,2285,3,,0,248000,Pave,1Fam,2,1,0
543,NWAmes,3330,7,5,1998,1680,2,78,0,213250,Pave,1Fam,2,0,1
544,NAmes,1490,7,5,1998,767,1,34,0,133000,Pave,TwnhsE,1,0,1
545,Gilbert,2150,7,5,2006,1496,2,58,0,179665,Pave,1Fam,2,1,1
546,NWAmes,3387,7,5,1988,2183,3,,0,229000,Pave,1Fam,2,1,0
547,BrkSide,2700,6,7,1923,1635,2,70,0,210000,Pave,1Fam,1,1,0
548,Mitchel,1536,5,7,1970,768,2,54,0,129500,Pave,1Fam,1,0,1
549,OldTown,1650,5,7,1955,825,2,49,0,125000,Pave,1Fam,1,0,1
550,Somerst,3006,7,5,2003,2094,2,75,0,263000,Pave,1Fam,2,1,0
551,NPkVill,2138,6,6,1977,1069,2,53,0,140000,Pave,TwnhsE,2,0,0
552,OldTown,1856,5,6,1957,928,1,50,0,112500,Pave,1Fam,1,0,0
553,NridgHt,3426,8,5,2006,1717,3,87,0,255500,Pave,1Fam,2,0,0
554,Edwards,1126,4,5,1949,1126,2,67,0,108000,Pave,1Fam,2,0,0
555,NridgHt,3044,7,5,2003,2046,3,85,0,284000,Pave,1Fam,2,1,1
556,BrkSide,2041,5,6,1922,1048,1,58,0,113000,Pave,1Fam,1,0,0
557,NAmes,2184,5,5,1957,1092,1,69,0,141000,Pave,1Fam,1,0,1
558,IDOTRR,1973,4,6,1920,1336,1,60,0,108000,Pave,1Fam,1,1,0
559,Gilbert,2175,7,5,1996,1446,2,57,0,175000,Pave,1Fam,2,1,0
560,Blmngtn,2931,7,5,2003,1557,2,,0,234000,Pave,TwnhsE,2,0,0
561,Sawyer,2784,5,6,1957,1392,2,,0,121500,Pave,1Fam,1,1,1
562,Mitchel,2778,5,5,1974,1389,2,77,0,170000,Pave,1Fam,1,0,1
563,Edwards,1992,5,6,1940,996,0,63,0,108000,Pave,1Fam,1,0,1
564,Edwards,2837,6,7,1918,1674,2,66,0,185000,Pave,1Fam,2,0,0
565,NoRidge,3390,7,5,1992,2295,2,,0,268000,Pave,1Fam,2,1,1
566,SWISU,2453,6,4,1915,1647,1,66,0,128000,Pave,1Fam,1,1,1
567,StoneBr,3626,9,5,2005,2504,3,77,0,325000,Pave,1Fam,2,1,0
568,NridgHt,3052,7,5,2004,1535,2,70,0,214000,Pave,1Fam,2,0,0
569,SawyerW,3628,8,8,1983,2132,2,79,0,316600,Pave,1Fam,1,1,1
570,NAmes,1886,5,5,1979,943,2,,0,135960,Pave,Duplex,1,0,1
571,NAmes,3456,5,5,1965,1728,2,74,0,142600,Pave,Duplex,2,0,0
572,NAmes,1728,6,6,1959,864,1,60,0,120000,Pave,1Fam,1,0,1
573,Timber,2538,7,5,2009,1692,2,83,0,224500,Pave,1Fam,2,1,0
574,Gilbert,1814,7,5,2000,1430,2,76,0,170000,Pave,1Fam,2,1,0
575,NAmes,1481,5,7,1971,1109,1,70,0,139000,Pave,1Fam,1,0,0
576,NAmes,2048,5,5,1947,1216,1,80,0,118500,Pave,1Fam,1,0,0
577,SWISU,2338,7,7,1928,1477,1,52,0,145000,Pave,1Fam,2,0,0
578,Sawyer,2484,5,6,1966,1320,2,96,0,164500,Pave,1Fam,1,0,1
579,Somerst,2081,7,5,2007,1392,2,34,0,146000,Pave,TwnhsE,2,0,0
580,OldTown,2845,5,5,1954,1795,1,81,0,131500,Pave,1Fam,2,0,0
581,NAmes,2573,6,6,1960,1429,2,,0,181900,Pave,1Fam,1,0,0
582,NridgHt,4084,8,5,2008,2042,3,98,0,253293,Pave,1Fam,2,1,0
583,Edwards,1632,6,5,1990,816,0,81,0,118500,Grvl,Duplex,1,0,1
584,OldTown,4012,10,9,1893,2775,2,75,0,325000,Pave,1Fam,3,1,0
585,BrkSide,2457,4,7,1935,1573,1,51,0,133000,Pave,1Fam,1,0,0
586,Timber,3896,8,5,2005,2028,3,88,0,369900,Pave,1Fam,2,0,1
587,BrkSide,1654,6,7,1918,838,1,55,0,130000,Pave,1Fam,1,0,1
588,Sawyer,1700,5,6,1982,860,2,74,0,137000,Pave,1Fam,1,0,1
589,ClearCr,2910,5,8,1968,1473,1,65,0,143000,Pave,1Fam,1,0,2
590,BrkSide,1521,5,6,1930,935,1,50,0,79500,Pave,1Fam,1,0,0
591,CollgCr,2352,7,5,2004,1582,2,64,0,185900,Pave,1Fam,2,1,0
592,NridgHt,4018,10,5,2008,2296,3,97,0,451950,Pave,1Fam,2,1,1
593,Mitchel,1632,5,8,1982,816,2,60,0,138000,Pave,1Fam,1,0,1
594,CollgCr,1696,6,5,2003,848,2,,0,140000,Pave,TwnhsE,1,0,1
595,CollgCr,1848,5,6,1975,924,1,88,0,110000,Pave,1Fam,1,0,0
596,StoneBr,3640,8,5,2005,1826,3,69,0,319000,Pave,1Fam,2,0,1
597,OldTown,2052,6,7,1910,1368,1,60,0,114504,Pave,1Fam,1,0,0
598,Blmngtn,2660,7,5,2006,1402,3,53,0,194201,Pave,TwnhsE,0,2,0
599,Crawfor,3077,5,6,1977,1647,2,80,0,217500,Pave,1Fam,2,0,1
600,Blueste,2272,6,6,1980,1556,2,24,0,151000,Pave,Twnhs,2,1,1
601,NridgHt,2962,8,5,2005,1904,2,74,0,275000,Pave,1Fam,2,1,1
602,IDOTRR,2155,6,6,1937,1375,1,50,0,141000,Pave,1Fam,1,1,0
603,SawyerW,2823,8,5,1992,1915,2,80,0,220000,Pave,1Fam,2,1,1
604,Somerst,1800,7,5,2004,1200,2,30,0,151000,Pave,TwnhsE,2,1,0
605,CollgCr,2988,7,5,2002,1494,2,88,0,221000,Pave,1Fam,2,0,1
606,NAmes,2754,7,6,1965,1986,2,85,0,205000,Pave,1Fam,2,1,0
607,CollgCr,2080,5,5,1996,1040,2,82,0,152000,Pave,1Fam,1,0,1
608,Edwards,2904,5,8,1948,2008,1,78,0,225000,Pave,1Fam,3,0,1
609,Crawfor,4159,8,6,1934,3194,2,78,0,359100,Pave,1Fam,2,1,0
610,Sawyer,2058,4,5,1961,1029,1,61,0,118500,Pave,1Fam,1,0,1
611,CollgCr,3593,9,5,2000,2153,3,,0,313000,Pave,1Fam,2,1,1
612,NWAmes,2064,6,6,1978,1032,2,,0,148000,Pave,1Fam,2,0,0
613,CollgCr,3171,8,5,2001,1872,2,,0,261500,Pave,1Fam,2,1,1
614,Mitchel,2240,5,5,2007,1120,0,70,0,147000,Pave,1Fam,1,0,0
615,MeadowV,1260,4,6,1972,630,0,21,0,75500,Pave,TwnhsE,1,0,1
616,NAmes,1990,6,7,1963,1054,2,80,0,137500,Pave,1Fam,1,0,1
617,Gilbert,2292,6,5,2002,1509,2,,0,183200,Pave,1Fam,2,1,1
618,NAmes,1664,6,6,1954,832,2,59,0,105500,Pave,1Fam,1,0,0
619,NridgHt,3650,9,5,2007,1828,3,90,0,314813,Pave,1Fam,2,0,0
620,Timber,3744,8,5,2003,2262,3,85,0,305000,Pave,1Fam,2,1,1
621,Edwards,1728,3,3,1914,864,0,45,0,67000,Pave,1Fam,1,0,1
622,NWAmes,4136,6,7,1974,2614,2,90,0,240000,Pave,1Fam,2,1,0
623,Sawyer,1960,5,6,1977,980,2,71,0,135000,Pave,1Fam,1,0,0
624,Somerst,2268,6,5,2000,1512,2,,0,168500,Pave,TwnhsE,2,1,0
625,NWAmes,2522,6,5,1972,1790,2,80,0,165150,Pave,1Fam,1,2,1
626,NAmes,2232,6,6,1962,1116,2,87,0,160000,Pave,1Fam,1,1,0
627,NAmes,2400,5,5,1960,1422,1,,0,139900,Pave,1Fam,1,0,0
628,NAmes,2676,6,6,1955,1520,1,80,0,153000,Pave,1Fam,1,0,1
629,NAmes,3120,5,5,1969,2080,2,70,0,135000,Pave,1Fam,1,2,0
630,NAmes,2598,6,5,1964,1350,2,82,0,168500,Pave,1Fam,1,1,1
631,OldTown,2386,5,6,1880,1750,1,50,0,124000,Pave,1Fam,1,0,0
632,NridgHt,3108,8,5,2006,1554,2,34,0,209500,Pave,Twnhs,2,0,0
633,NWAmes,2797,7,5,1977,1411,2,85,0,82500,Pave,1Fam,2,0,0
634,NAmes,2112,5,7,1954,1056,1,80,0,139400,Pave,1Fam,1,0,0
635,OldTown,2112,6,5,1980,1056,2,64,0,144000,Pave,Duplex,0,0,2
636,SWISU,4320,6,7,1914,3395,0,60,0,200000,Pave,2fmCon,2,0,0
637,BrkSide,1064,2,3,1936,800,0,51,0,60000,Pave,1Fam,1,0,0
638,OldTown,2198,5,4,1954,1387,1,50,0,93000,Pave,2fmCon,2,0,0
639,Edwards,1592,5,7,1910,796,0,67,0,85000,Pave,1Fam,1,0,0
640,Blmngtn,3087,8,5,2006,1567,3,53,0,264561,Pave,TwnhsE,2,0,1
641,NridgHt,3036,8,5,2003,1518,2,62,0,274000,Pave,TwnhsE,1,1,0
642,Somerst,2986,7,5,2001,1929,2,,0,226000,Pave,1Fam,2,1,1
643,NAmes,4656,8,7,1972,2704,2,75,0,345000,Pave,1Fam,2,1,1
644,NWAmes,2400,5,5,1969,1620,2,80,0,152000,Pave,1Fam,2,1,0
645,Somerst,3532,9,5,2009,1766,3,85,0,370878,Pave,1Fam,2,1,1
646,NAmes,1962,6,5,1971,981,2,,0,143250,Pave,1Fam,1,1,1
647,NAmes,1048,5,5,1950,1048,2,60,0,98300,Pave,1Fam,1,0,0
648,Edwards,2188,6,5,1953,1094,2,85,0,155000,Pave,1Fam,1,0,0
649,NAmes,2595,6,5,1966,1839,2,70,0,155000,Pave,1Fam,1,1,0
650,MeadowV,1260,4,6,1970,630,0,21,0,84500,Pave,Twnhs,1,0,1
651,Somerst,2478,7,6,2007,1665,2,65,0,205950,Pave,1Fam,2,1,0
652,Edwards,2265,4,5,1940,1510,1,60,0,108000,Pave,1Fam,1,0,1
653,CollgCr,2596,7,5,1996,1716,2,70,0,191000,Pave,1Fam,2,1,0
654,IDOTRR,2225,6,7,1906,1469,1,60,0,135000,Pave,1Fam,1,0,0
655,NoRidge,4222,8,6,1995,2113,3,91,0,350000,Pave,1Fam,2,1,1
656,BrDale,1617,6,5,1971,1092,1,21,0,88000,Pave,Twnhs,1,1,0
657,NAmes,2106,5,7,1959,1053,1,72,0,145500,Pave,1Fam,1,1,1
658,Crawfor,2278,7,6,1931,1502,1,60,0,149000,Pave,1Fam,1,1,0
659,NAmes,2370,6,5,1948,1458,1,78,0,97500,Pave,1Fam,1,0,0
660,Edwards,2972,5,7,1964,1486,2,75,0,167000,Pave,1Fam,1,0,1
661,NWAmes,2728,7,7,1976,1935,2,,0,197900,Pave,1Fam,2,1,0
662,NoRidge,4077,8,7,1994,2448,3,52,0,402000,Pave,1Fam,2,1,1
663,NAmes,2784,6,3,1968,1392,2,120,0,110000,Pave,1Fam,1,0,1
664,Edwards,2319,4,5,1972,1181,2,90,0,137500,Pave,1Fam,2,0,1
665,Somerst,4174,8,5,2005,2097,3,49,0,423000,Pave,1Fam,1,1,1
666,Gilbert,3342,8,5,2000,1936,2,106,0,230500,Pave,1Fam,2,1,0
667,NAmes,3401,6,5,1965,2380,2,,0,129000,Pave,1Fam,2,1,0
668,SawyerW,3087,6,5,1994,1679,2,65,0,193500,Pave,1Fam,2,0,1
669,Sawyer,2625,5,6,1956,1437,2,,0,168000,Pave,1Fam,1,1,1
670,Crawfor,1880,4,5,1922,1180,1,80,0,137500,Pave,1Fam,1,0,0
671,CollgCr,2214,6,5,2005,1476,2,64,0,173500,Pave,1Fam,2,1,1
672,Edwards,2041,6,6,1925,1369,1,54,0,103600,Pave,1Fam,2,0,1
673,Veenker,2416,6,6,1977,1208,2,,0,165000,Pave,1Fam,1,1,1
674,Crawfor,3316,6,7,1957,1839,2,110,0,257500,Pave,1Fam,2,0,1
675,NAmes,2272,6,6,1965,1136,1,80,0,140000,Pave,1Fam,1,0,1
676,NPkVill,2296,6,6,1978,1441,2,24,0,148500,Pave,Twnhs,2,1,0
677,OldTown,2869,4,2,1900,1774,3,60,0,87000,Pave,1Fam,2,0,1
678,OldTown,1560,5,8,1924,792,1,52,0,109500,Pave,1Fam,1,0,0
679,StoneBr,4092,8,5,2008,2046,3,80,0,372500,Pave,1Fam,2,1,0
680,Sawyer,1976,5,5,1961,988,2,,0,128500,Pave,1Fam,1,0,1
681,SawyerW,1846,6,5,1980,923,1,50,0,143000,Pave,TwnhsE,2,0,0
682,SWISU,2313,5,5,1932,1520,1,55,0,159434,Pave,1Fam,1,0,0
683,ClearCr,2582,6,5,1996,1291,2,,0,173000,Pave,1Fam,1,0,1
684,CollgCr,3294,9,5,2002,1668,3,90,0,285000,Pave,1Fam,2,0,1
685,NoRidge,3034,7,5,1998,1839,2,58,0,221000,Pave,1Fam,2,1,0
686,StoneBr,3280,7,5,1984,2090,2,,0,207500,Pave,TwnhsE,2,0,1
687,Somerst,2635,7,6,2007,1761,2,84,0,227875,Pave,1Fam,3,0,0
688,Somerst,1653,7,5,2004,1102,2,,0,148800,Pave,TwnhsE,2,1,0
689,StoneBr,2838,8,6,2007,1419,2,60,0,392000,Pave,1Fam,2,0,1
690,NridgHt,2724,6,5,2005,1362,2,61,0,194700,Pave,TwnhsE,2,0,0
691,CollgCr,1696,6,5,2004,848,2,,0,141000,Pave,TwnhsE,1,0,1
692,NoRidge,6760,10,6,1994,4316,3,104,0,755000,Pave,1Fam,3,1,0
693,Timber,3729,7,5,1989,2519,2,42,0,335000,Pave,1Fam,2,1,1
694,OldTown,2146,5,6,1921,1073,1,60,0,108480,Pave,1Fam,1,0,0
695,BrkSide,2466,5,6,1936,1539,2,51,0,141500,Pave,1Fam,1,1,0
696,Timber,2249,6,6,1987,1137,2,54,0,176000,Pave,1Fam,2,0,1
697,BrkSide,1232,5,7,1921,616,1,50,0,89000,Pave,1Fam,1,0,0
698,Edwards,2128,5,7,1952,1148,1,57,0,123500,Pave,1Fam,1,0,0
699,Sawyer,1788,5,8,1965,894,1,65,0,138500,Pave,1Fam,1,0,1
700,Somerst,2782,7,5,2004,1391,2,59,0,196000,Pave,TwnhsE,2,0,0
701,Timber,3600,8,5,2002,1800,3,85,0,312500,Pave,1Fam,2,0,1
702,NWAmes,2328,7,5,1969,1164,2,80,0,140000,Pave,1Fam,1,1,0
703,StoneBr,3810,8,5,2006,2576,3,82,0,361919,Pave,1Fam,2,1,0
704,OldTown,2172,5,9,1900,1812,2,76,0,140000,Pave,2fmCon,2,0,0
705,CollgCr,2957,7,5,2004,1484,2,70,0,213000,Pave,1Fam,2,0,1
706,IDOTRR,1092,4,5,1930,1092,0,70,0,55000,Pave,2fmCon,2,0,0
707,ClearCr,3467,7,5,1971,1824,2,,0,302000,Pave,1Fam,2,0,1
708,NridgHt,2648,8,5,2006,1324,2,48,0,254000,Pave,TwnhsE,2,0,1
709,Gilbert,2184,7,5,2007,1456,2,65,0,179540,Pave,1Fam,2,1,0
710,Sawyer,1780,5,7,1966,904,1,,0,109900,Pave,1Fam,1,0,0
711,BrkSide,999,3,6,1935,729,0,56,0,52000,Pave,1Fam,1,0,0
712,IDOTRR,2037,4,7,1900,1178,1,66,0,102776,Pave,1Fam,1,0,0
713,StoneBr,2456,8,5,1988,1228,2,40,0,189000,Pave,TwnhsE,2,0,1
714,BrkSide,1920,4,5,1970,960,2,60,0,129000,Pave,2fmCon,1,0,1
715,Sawyer,2204,6,8,1976,1479,2,,0,130500,Pave,1Fam,2,1,0
716,NWAmes,2414,6,5,1974,1350,2,78,0,165000,Pave,1Fam,2,0,0
717,OldTown,3272,7,8,1890,2554,2,60,0,159500,Pave,1Fam,1,1,0
718,NWAmes,2354,5,6,1973,1178,2,80,0,157000,Pave,1Fam,1,1,0
719,NoRidge,3729,7,5,1993,2418,3,96,0,341000,Pave,1Fam,2,1,1
720,CollgCr,1942,5,6,1969,971,1,69,0,128500,Pave,1Fam,1,1,0
721,StoneBr,3484,8,5,1985,1742,2,,0,275000,Pave,1Fam,2,0,1
722,CollgCr,1696,6,5,2004,848,2,,0,143000,Pave,TwnhsE,1,0,1
723,NAmes,1728,4,7,1970,864,2,70,0,124500,Pave,1Fam,1,0,0
724,Edwards,2411,4,6,1954,1470,1,60,0,135000,Pave,1Fam,2,0,0
725,Edwards,3396,9,5,2007,1698,3,86,0,320000,Pave,1Fam,2,0,1
726,NAmes,1728,4,6,1970,864,2,60,0,120500,Pave,1Fam,1,0,0
727,Crawfor,2560,6,9,1988,1680,2,,0,222000,Pave,1Fam,2,0,1
728,CollgCr,2464,7,5,2007,1232,2,64,0,194500,Pave,1Fam,2,0,1
729,NAmes,3360,5,5,1958,1776,3,85,0,110000,Pave,Duplex,2,0,1
730,IDOTRR,1628,4,5,1925,1208,2,52,0,103000,Pave,1Fam,1,0,0
731,StoneBr,3211,8,5,1995,1616,2,39,0,236500,Pave,TwnhsE,2,0,1
732,Timber,2014,7,5,2003,1146,2,73,0,187500,Pave,1Fam,2,0,1
733,CollgCr,3184,7,5,1998,2031,2,75,0,222500,Pave,1Fam,2,1,0
734,Sawyer,2008,5,6,1961,1144,1,80,0,131400,Pave,1Fam,1,0,1
735,Sawyer,1896,5,5,1968,948,1,,0,108000,Pave,1Fam,1,0,0
736,OldTown,2648,7,7,1914,1768,2,60,0,163000,Pave,1Fam,1,1,0
737,NAmes,1040,3,4,1950,1040,2,60,0,93500,Pave,Duplex,2,0,0
738,Gilbert,2694,8,5,2005,1801,3,72,0,239900,Pave,1Fam,2,1,0
739,Edwards,2400,5,5,1987,1200,0,60,0,179000,Pave,Duplex,3,0,3
740,CollgCr,2592,7,5,2004,1728,2,65,0,190000,Pave,1Fam,2,1,0
741,OldTown,1696,5,7,1910,1432,2,60,0,132000,Pave,1Fam,2,0,0
742,Sawyer,1824,6,8,1961,912,1,65,0,142000,Pave,1Fam,1,0,1
743,SawyerW,2698,7,5,2000,1349,2,65,0,179000,Pave,1Fam,2,0,0
744,Sawyer,1984,5,6,1963,1464,2,70,0,175000,Pave,1Fam,2,0,0
745,StoneBr,2674,8,5,1993,1337,2,41,0,180000,Pave,TwnhsE,2,0,1
746,NWAmes,3857,8,9,1976,2715,2,,0,299800,Pave,1Fam,3,1,0
747,Gilbert,3208,7,5,2000,2256,2,,0,236000,Pave,1Fam,2,1,0
748,OldTown,3880,7,7,1880,2640,4,65,0,265979,Pave,1Fam,1,1,0
749,NoRidge,3440,7,5,1996,1720,2,59,0,260400,Pave,1Fam,2,0,1
750,Edwards,1529,4,3,1945,1529,1,50,0,98000,Pave,1Fam,2,0,0
751,OldTown,1716,4,7,1910,1140,0,55,0,96500,Pave,1Fam,1,0,0
752,Gilbert,1980,7,5,2003,1320,2,,0,162000,Pave,1Fam,2,1,0
753,CollgCr,2973,6,5,1997,1494,2,79,0,217000,Pave,1Fam,2,0,1
754,NridgHt,3128,8,5,2005,2098,3,80,0,275500,Pave,1Fam,2,1,0
755,NAmes,2052,6,8,1969,1026,2,61,0,156000,Pave,1Fam,1,0,1
756,Somerst,2200,6,5,1999,1471,2,34,0,172500,Pave,TwnhsE,2,1,0
757,CollgCr,2634,8,5,2007,1768,2,68,0,212000,Pave,1Fam,2,1,0
758,Sawyer,2058,6,5,1978,1386,2,,0,158900,Pave,1Fam,2,1,0
759,Somerst,2245,7,5,1999,1501,2,24,0,179400,Pave,Twnhs,2,1,0
760,NoRidge,3849,8,5,1995,2531,3,65,0,290000,Pave,1Fam,2,1,0
761,NAmes,1728,6,6,1959,864,1,70,0,127500,Pave,1Fam,1,0,0
762,BrkSide,2446,5,5,1924,1301,2,60,0,100000,Pave,1Fam,1,0,0
763,Somerst,2303,7,5,2009,1547,2,72,0,215200,Pave,1Fam,2,1,0
764,NoRidge,3617,8,5,1999,2365,3,82,0,337000,Pave,1Fam,2,1,1
765,Veenker,2988,8,5,1995,1494,2,30,0,270000,Pave,TwnhsE,1,1,1
766,Somerst,3004,9,5,2008,1506,2,75,0,264132,Pave,1Fam,2,0,0
767,NWAmes,2694,7,5,1988,1714,2,80,0,196500,Pave,1Fam,2,1,0
768,Mitchel,2733,6,7,1940,1750,1,75,0,160000,Pave,1Fam,2,0,1
769,CollgCr,3696,7,5,2004,1836,2,70,0,216837,Pave,1Fam,2,0,0
770,StoneBr,4929,8,5,2003,3279,3,47,0,538000,Pave,1Fam,3,1,1
771,Sawyer,1716,5,5,1982,858,2,,0,134900,Pave,1Fam,1,0,1
772,Edwards,2056,4,5,1951,1220,2,67,0,102000,Pave,1Fam,1,0,0
773,Edwards,2146,6,5,1976,1117,2,94,0,107000,Pave,1Fam,1,0,1
774,NAmes,1824,5,5,1958,912,1,70,0,114500,Pave,1Fam,1,0,0
775,NridgHt,3908,8,5,2006,1973,3,110,0,395000,Pave,1Fam,2,0,0
776,Mitchel,2408,6,5,1998,1204,2,32,0,162000,Pave,TwnhsE,2,0,1
777,CollgCr,3228,7,5,2005,1614,3,86,0,221500,Pave,1Fam,2,0,0
778,Sawyer,1758,5,5,1974,894,2,100,0,142500,Pave,1Fam,1,0,1
779,SawyerW,2020,5,5,1977,2020,2,60,0,144000,Pave,Duplex,2,0,0
780,Mitchel,1979,6,5,1977,1004,2,78,0,135000,Pave,Duplex,1,0,1
781,Gilbert,2490,7,5,1995,1253,2,63,0,176000,Pave,1Fam,2,0,0
782,SawyerW,2364,6,5,1992,1603,2,65,0,175900,Pave,1Fam,2,1,0
783,CollgCr,2843,7,5,2001,1430,2,67,0,187100,Pave,1Fam,2,0,0
784,Mitchel,2207,5,6,1978,1110,2,,0,165500,Pave,1Fam,1,0,1
785,OldTown,2226,6,6,1914,1484,0,35,0,128000,Pave,1Fam,2,0,0
786,NWAmes,2714,6,5,1967,1342,2,,0,161500,Pave,1Fam,2,0,0
787,OldTown,2338,5,6,1915,1652,1,60,0,139000,Pave,1Fam,2,0,1
788,SawyerW,3040,7,5,2004,2084,2,76,0,233000,Pave,1Fam,2,1,1
789,OldTown,1802,4,7,1954,901,1,50,0,107900,Pave,1Fam,1,0,0
790,ClearCr,2919,6,8,1966,2087,2,,0,187500,Pave,1Fam,2,1,0
791,Blmngtn,2290,7,5,2005,1145,2,43,0,160200,Pave,TwnhsE,2,0,0
792,Mitchel,2091,6,5,1976,1062,2,,0,146800,Pave,1Fam,1,0,1
793,NoRidge,3130,7,5,1996,2013,2,92,0,269790,Pave,1Fam,2,1,1
794,Somerst,2992,8,5,2007,1496,2,76,0,225000,Pave,1Fam,2,0,0
795,Gilbert,2607,7,5,1994,1895,2,,0,194500,Pave,1Fam,2,1,0
796,SawyerW,2214,6,6,1980,1564,2,70,0,171000,Pave,1Fam,2,1,0
797,Sawyer,1945,6,5,1977,1285,2,71,0,143500,Pave,1Fam,1,1,0
798,NAmes,1546,5,5,1953,773,1,57,0,110000,Pave,1Fam,1,0,0
799,NridgHt,5066,9,5,2008,3140,3,104,0,485000,Pave,1Fam,3,1,0
800,SWISU,2499,5,7,1937,1768,1,60,0,175000,Pave,1Fam,1,1,1
801,ClearCr,2304,6,5,1997,1688,2,79,0,200000,Pave,1Fam,2,1,1
802,IDOTRR,2392,4,7,1916,1196,2,40,0,109900,Pave,1Fam,1,0,1
803,CollgCr,2184,7,5,2005,1456,2,63,0,189000,Pave,1Fam,2,1,1
804,NridgHt,4556,9,5,2008,2822,3,107,0,582933,Pave,1Fam,3,1,0
805,NAmes,2064,5,5,1954,1128,1,75,0,118000,Pave,1Fam,1,0,0
806,Somerst,2845,7,5,2008,1428,2,91,0,227680,Pave,1Fam,2,0,0
807,NAmes,1960,5,5,1967,980,1,75,0,135500,Pave,1Fam,2,0,0
808,BrkSide,2900,5,6,1923,1576,2,144,0,223500,Pave,1Fam,1,1,2
809,NAmes,2110,5,5,1966,1086,2,85,0,159950,Pave,1Fam,1,0,1
810,OldTown,2987,5,5,1898,2138,2,90,0,106000,Pave,1Fam,2,0,0
811,NWAmes,2349,6,6,1974,1309,2,78,648,181000,Pave,1Fam,1,1,1
812,CollgCr,1696,6,5,2004,848,2,,0,144500,Pave,TwnhsE,1,0,1
813,IDOTRR,1584,5,5,1952,1044,2,66,0,55993,Grvl,1Fam,1,0,0
814,NAmes,2884,6,6,1958,1442,1,75,0,157900,Pave,1Fam,1,1,0
815,Edwards,1936,5,7,1918,1250,1,45,0,116000,Pave,1Fam,1,1,0
816,CollgCr,3310,7,5,1998,1661,2,48,0,224900,Pave,1Fam,2,0,0
817,NAmes,2016,5,6,1954,1008,1,,0,137000,Pave,1Fam,1,0,0
818,Mitchel,3257,8,5,2002,1689,3,,0,271000,Pave,1Fam,2,0,1
819,ClearCr,2062,6,7,1971,1052,2,80,0,155000,Pave,1Fam,1,0,1
820,NridgHt,2716,7,5,2009,1358,2,44,0,224000,Pave,TwnhsE,2,0,1
821,CollgCr,2438,7,5,2003,1640,2,72,0,183000,Pave,1Fam,2,1,0
822,OldTown,1872,4,4,1953,936,2,60,0,93000,Pave,2fmCon,1,0,0
823,Gilbert,2580,7,5,2003,1733,2,,0,225000,Pave,1Fam,2,1,0
824,SWISU,2267,6,7,1940,1489,1,60,0,139500,Pave,1Fam,2,0,0
825,Somerst,2978,8,5,2006,1489,2,81,0,232600,Pave,1Fam,2,0,0
826,NridgHt,4162,10,5,2007,2084,3,114,0,385000,Pave,1Fam,2,0,1
827,BrkSide,1568,5,6,1924,784,0,50,0,109500,Pave,1Fam,1,0,1
828,SawyerW,2888,7,5,2001,1434,2,65,0,189000,Pave,1Fam,2,0,0
829,ClearCr,3139,5,5,1967,2126,2,,0,185000,Pave,1Fam,2,1,0
830,Somerst,1743,7,5,2005,1223,2,24,0,147400,Pave,Twnhs,2,1,0
831,NAmes,2784,6,5,1957,1392,2,80,0,166000,Pave,1Fam,1,1,1
832,Somerst,1720,7,5,2005,1200,2,30,0,151000,Pave,TwnhsE,2,1,0
833,CollgCr,2770,7,6,2003,1829,2,44,0,237000,Pave,1Fam,2,1,1
834,NAmes,3032,6,6,1964,1516,2,100,0,167000,Pave,1Fam,1,1,0
835,NAmes,2288,5,6,1961,1144,2,75,0,139950,Pave,1Fam,1,0,1
836,Sawyer,2134,4,7,1950,1067,2,60,0,128000,Pave,1Fam,2,0,0
837,OldTown,3118,5,6,1948,1559,2,90,0,153500,Pave,1Fam,1,0,1
838,BrDale,1470,6,5,1973,987,1,21,0,100000,Pave,Twnhs,1,1,1
839,CollgCr,2198,5,6,1995,1099,1,75,0,144000,Pave,1Fam,1,1,0
840,Edwards,1968,5,6,1946,1200,1,70,0,130500,Pave,1Fam,1,0,0
841,SWISU,2154,6,8,1925,1482,1,,0,140000,Pave,1Fam,2,0,0
842,OldTown,2189,5,8,1904,1539,2,60,0,157500,Pave,1Fam,2,0,0
843,NAmes,2292,6,7,1966,1165,2,82,0,174900,Pave,1Fam,1,1,1
844,NAmes,3600,5,4,1961,1800,0,80,0,141000,Pave,Duplex,2,0,0
845,OldTown,2292,5,8,1915,1416,3,100,0,153900,Pave,1Fam,1,1,0
846,Sawyer,3091,5,5,1975,1701,2,,0,171000,Pave,1Fam,2,0,1
847,SawyerW,2515,7,5,1993,1775,2,75,0,213000,Pave,1Fam,2,1,1
848,CollgCr,1728,5,6,1972,864,1,36,0,133500,Pave,1Fam,1,0,1
849,ClearCr,3265,6,8,1908,2358,2,75,0,240000,Pave,1Fam,3,0,0
850,Veenker,2383,6,7,1976,1855,2,80,0,187000,Pave,1Fam,2,1,0
851,CollgCr,1696,6,5,2003,848,2,36,0,131500,Pave,TwnhsE,1,0,1
852,Blmngtn,2729,8,5,2003,1456,2,,0,215000,Pave,TwnhsE,2,0,0
853,Crawfor,2564,7,5,1941,1646,1,53,0,164000,Pave,1Fam,2,0,0
854,NAmes,2572,6,6,1964,1445,2,,0,158000,Pave,1Fam,1,1,0
855,Sawyer,3542,5,4,1955,1779,2,102,0,170000,Pave,1Fam,1,1,1
856,Sawyer,2080,5,8,1962,1040,1,,0,127000,Pave,1Fam,1,1,1
857,CollgCr,1966,6,6,1978,1026,2,,0,147000,Pave,1Fam,1,0,1
858,Gilbert,2183,6,5,1994,1481,2,65,0,174000,Pave,1Fam,2,1,0
859,NWAmes,2460,7,5,1976,1370,2,80,0,152000,Pave,1Fam,2,0,0
860,NWAmes,3708,6,7,1968,2654,2,,0,250000,Pave,1Fam,2,1,1
861,Crawfor,2338,7,8,1918,1426,1,55,0,189950,Pave,1Fam,1,1,0
862,Sawyer,2078,5,4,1965,1039,2,75,0,131500,Pave,2fmCon,1,1,1
863,SawyerW,2137,6,5,1984,1097,2,81,0,152000,Pave,1Fam,2,0,0
864,NAmes,2296,5,5,1959,1148,1,70,0,132500,Pave,1Fam,1,0,1
865,Somerst,2744,7,5,2007,1372,2,72,0,250580,Pave,1Fam,2,0,0
866,NAmes,2004,5,6,1970,1002,2,,0,148500,Pave,1Fam,1,0,1
867,Timber,3284,8,5,2006,1646,3,67,0,248900,Pave,1Fam,2,0,0
868,Sawyer,2160,4,5,1961,1120,2,85,0,129000,Pave,1Fam,1,1,1
869,Gilbert,2267,5,6,1948,2320,2,,0,169000,Pave,1Fam,2,0,0
870,SawyerW,2999,7,5,1993,1949,2,80,0,236000,Pave,1Fam,2,1,1
871,NAmes,1788,5,5,1962,894,1,60,0,109500,Pave,1Fam,1,0,0
872,CollgCr,2486,6,5,1998,1682,2,70,0,200500,Pave,1Fam,2,1,0
873,NAmes,1015,5,7,1953,910,2,74,0,116000,Pave,1Fam,1,0,0
874,NAmes,1868,5,7,1949,1268,1,60,0,133000,Pave,1Fam,1,0,0
875,OldTown,1807,5,6,1941,1131,1,52,0,66500,Pave,1Fam,1,1,0
876,Somerst,3794,8,5,2007,2610,2,75,0,303477,Pave,1Fam,2,1,0
877,Mitchel,2104,4,5,1963,1040,2,94,0,132250,Pave,1Fam,1,0,1
878,NridgHt,3686,9,5,2004,2224,3,74,0,350000,Pave,1Fam,2,1,1
879,Sawyer,2264,5,7,1961,1155,2,88,0,148000,Pave,1Fam,1,0,1
880,CollgCr,1728,5,8,1978,864,1,,0,136500,Pave,1Fam,1,0,1
881,Edwards,2180,5,5,2005,1090,2,60,0,157000,Pave,1Fam,1,1,1
882,Timber,2873,7,5,1990,1717,2,44,0,187500,Pave,1Fam,2,1,0
883,Gilbert,2401,6,5,1992,1593,2,,0,178000,Pave,1Fam,2,1,0
884,SWISU,2544,4,5,1912,2230,1,60,0,118500,Pave,1Fam,1,0,1
885,NAmes,1784,5,5,1967,892,1,65,0,100000,Pave,1Fam,1,0,0
886,Somerst,3407,9,5,1999,1709,2,50,0,328900,Pave,TwnhsE,2,0,1
887,NAmes,3338,5,5,1959,1712,2,70,0,145000,Pave,Duplex,2,0,0
888,Edwards,2209,5,7,1955,1393,1,59,0,135500,Pave,1Fam,1,1,0
889,NAmes,4434,8,6,1970,2217,2,95,0,268000,Pave,1Fam,2,0,1
890,NAmes,3010,6,4,1953,1505,2,128,0,149500,Pave,1Fam,1,0,1
891,NAmes,1596,5,7,1949,924,2,60,0,122900,Pave,1Fam,1,0,0
892,Sawyer,2601,6,5,1978,1683,2,70,0,172500,Pave,1Fam,2,1,0
893,Sawyer,2127,6,8,1963,1068,1,70,0,154500,Pave,1Fam,1,0,0
894,Sawyer,2766,5,5,1954,1383,1,,0,165000,Pave,1Fam,1,0,1
895,SawyerW,1535,5,5,1979,1535,2,64,0,118858,Pave,Duplex,2,0,0
896,NAmes,2576,6,5,1963,1796,2,71,0,140000,Pave,1Fam,1,1,1
897,IDOTRR,1902,4,6,1936,951,1,50,0,106500,Pave,1Fam,1,0,0
898,SawyerW,2240,5,5,1979,2240,2,64,0,142953,Pave,Duplex,2,0,0
899,NridgHt,4694,9,5,2009,2364,3,100,0,611657,Pave,1Fam,2,1,1
900,Sawyer,2148,5,7,1961,1236,1,65,0,135000,Pave,1Fam,1,0,0
901,NAmes,1716,4,6,1971,858,1,,0,110000,Pave,1Fam,1,0,0
902,NAmes,2298,5,7,1957,1306,1,64,0,153000,Pave,1Fam,1,0,1
903,Gilbert,2292,7,5,2003,1509,2,63,0,180000,Pave,1Fam,2,1,0
904,Gilbert,3340,7,5,2006,1670,3,50,0,240000,Pave,1Fam,2,0,0
905,Sawyer,1778,5,6,1967,902,1,,0,125500,Pave,1Fam,1,0,0
906,NAmes,2119,5,5,1954,1063,1,80,0,128000,Pave,1Fam,1,0,1
907,Somerst,3259,8,5,2006,1636,3,116,0,255000,Pave,1Fam,2,0,1
908,Crawfor,3074,7,7,1936,2057,1,86,0,250000,Pave,1Fam,1,1,0
909,Mitchel,1766,5,5,1983,902,2,,0,131000,Pave,1Fam,1,0,1
910,Gilbert,2226,6,5,2005,1484,2,149,0,174000,Pave,1Fam,2,1,0
911,NAmes,3379,5,5,1960,2274,2,80,0,154300,Pave,Duplex,2,0,0
912,CollgCr,2536,5,7,1977,1268,1,,0,143500,Pave,1Fam,1,1,0
913,BrkSide,1783,5,7,1925,1015,1,51,0,88000,Pave,1Fam,1,0,0
914,Crawfor,3003,5,6,1949,2002,3,82,0,145000,Pave,Duplex,2,0,0
915,Somerst,1836,6,5,2009,1224,2,30,0,173733,Pave,TwnhsE,2,1,0
916,MeadowV,1638,4,5,1970,1092,1,21,0,75000,Pave,Twnhs,1,1,0
917,IDOTRR,960,2,3,1949,480,1,50,0,35311,Pave,1Fam,0,0,1
918,Edwards,2363,4,6,1956,1229,1,,0,135000,Pave,1Fam,1,0,0
919,SawyerW,3231,7,5,1991,2127,3,103,0,238000,Pave,1Fam,2,1,1
920,NAmes,2598,6,8,1958,1414,2,87,0,176500,Pave,1Fam,1,0,1
921,SawyerW,2649,6,5,1994,1721,2,70,0,201000,Pave,1Fam,2,1,0
922,Edwards,3472,5,7,1900,2200,0,67,0,145900,Pave,Duplex,2,2,2
923,Gilbert,2632,6,5,2005,1316,2,65,0,169990,Pave,1Fam,2,0,0
924,SawyerW,3221,6,5,1993,1617,2,50,0,193000,Pave,TwnhsE,2,0,1
925,NWAmes,3372,6,6,1980,1686,2,79,0,207500,Pave,1Fam,2,0,1
926,NWAmes,2252,5,6,1977,1126,2,,0,175000,Pave,1Fam,2,0,0
927,NridgHt,3555,8,5,2003,2374,3,93,0,285000,Pave,1Fam,2,1,0
928,NWAmes,2810,7,5,1968,1978,2,,0,176000,Pave,1Fam,2,1,0
929,CollgCr,3541,8,5,2001,1788,2,,0,236500,Pave,1Fam,2,0,0
930,Gilbert,3200,7,5,1997,2236,2,,0,222000,Pave,1Fam,2,1,0
931,Timber,2932,8,5,2007,1466,3,73,0,201000,Pave,1Fam,2,0,0
932,NAmes,1850,5,6,1965,925,1,70,0,117500,Pave,1Fam,1,0,0
933,Somerst,3810,9,5,2006,1905,3,84,0,320000,Pave,1Fam,2,0,0
934,CollgCr,3000,7,5,2004,1500,2,63,0,190000,Pave,1Fam,2,0,0
935,NAmes,2654,7,7,1960,2069,2,313,0,242000,Pave,1Fam,2,0,1
936,BrkSide,1347,4,5,1926,747,2,52,0,79900,Pave,1Fam,1,0,0
937,SawyerW,2376,7,5,2003,1200,2,67,0,184900,Pave,1Fam,2,0,1
938,Somerst,3084,7,5,2005,1971,2,75,0,253000,Pave,1Fam,2,1,0
939,CollgCr,3353,7,5,2006,1962,3,73,0,239799,Pave,1Fam,2,1,0
940,ClearCr,3435,7,7,1940,2403,1,,0,244400,Pave,1Fam,2,0,0
941,Mitchel,3456,6,5,1976,1728,2,55,0,150900,Pave,Duplex,2,0,0
942,Gilbert,3052,7,5,1999,2060,2,,0,214000,Pave,1Fam,2,1,1
943,Edwards,2880,4,3,1977,1440,0,42,0,150000,Pave,Duplex,2,0,2
944,Mitchel,3264,5,4,1967,1632,2,100,0,143000,Pave,Duplex,2,0,0
945,Timber,2163,6,6,1958,1344,2,,0,137500,Pave,1Fam,1,0,0
946,OldTown,2837,5,6,1890,1869,2,98,0,124900,Pave,1Fam,1,0,0
947,NAmes,2288,5,6,1959,1144,1,70,0,143000,Pave,1Fam,1,0,1
948,Timber,3245,8,5,2002,1629,3,85,0,270000,Pave,1Fam,2,0,1
949,CollgCr,2712,7,5,2002,1776,2,65,0,192500,Pave,1Fam,2,1,0
950,NWAmes,2542,6,7,1972,1381,2,78,0,197500,Pave,1Fam,1,1,1
951,NAmes,1728,5,8,1950,864,2,60,0,129000,Pave,1Fam,1,0,1
952,SawyerW,1793,5,5,1965,965,1,60,0,119900,Pave,1Fam,1,0,1
953,CollgCr,1536,5,8,1972,768,1,60,0,133900,Pave,1Fam,1,0,0
954,Mitchel,2752,5,4,1969,1968,2,,0,172000,Pave,1Fam,2,1,0
955,Edwards,1925,6,5,1975,980,0,35,0,127500,Pave,Duplex,2,0,0
956,Crawfor,2937,6,6,1946,1958,2,82,0,145000,Pave,Duplex,2,0,0
957,Blueste,1790,6,6,1980,1229,2,24,0,124000,Pave,TwnhsE,1,1,0
958,Sawyer,2114,5,5,1962,1057,2,70,0,132000,Pave,1Fam,1,0,0
959,CollgCr,2674,7,5,2003,1337,2,65,0,185000,Pave,1Fam,2,0,1
960,Somerst,2112,7,5,1999,1416,2,24,0,155000,Pave,Twnhs,2,1,1
961,BrkSide,1716,5,7,1958,858,0,50,0,116500,Pave,1Fam,1,0,1
962,NWAmes,4202,6,7,1977,2872,2,,0,272000,Pave,1Fam,2,1,1
963,NPkVill,2352,6,6,1976,1548,2,24,0,155000,Pave,TwnhsE,2,1,1
964,CollgCr,3600,9,5,2007,1800,2,122,0,239000,Pave,1Fam,2,0,0
965,Timber,2711,7,5,2002,1894,2,80,0,214900,Pave,1Fam,2,1,1
966,Gilbert,2267,6,5,2005,1484,2,65,0,178900,Pave,1Fam,2,1,0
967,Crawfor,2036,5,7,1940,1308,1,130,0,160000,Pave,1Fam,1,1,1
968,NAmes,2196,5,7,1955,1098,1,,0,135000,Pave,1Fam,1,0,1
969,OldTown,1568,3,6,1910,968,0,50,0,37900,Pave,1Fam,1,0,0
970,NAmes,1683,6,5,1958,1095,1,75,0,140000,Pave,2fmCon,1,0,1
971,NAmes,1912,4,4,1949,1192,0,60,0,135000,Pave,1Fam,1,1,0
972,NridgHt,2390,7,5,2003,1626,2,36,0,173000,Pave,Twnhs,2,0,0
973,SawyerW,1836,6,5,1979,918,1,55,0,99500,Pave,TwnhsE,2,0,0
974,Somerst,2856,7,5,2007,1428,2,95,0,182000,Pave,1Fam,2,0,0
975,BrkSide,2747,7,8,1910,2019,2,60,0,167500,Pave,1Fam,1,0,0
976,Somerst,2055,7,5,2000,1382,2,,0,165000,Pave,Twnhs,2,1,1
977,BrkSide,1309,4,7,1923,869,0,51,0,85500,Pave,1Fam,1,0,0
978,Somerst,2482,7,5,2006,1241,2,35,0,199900,Pave,TwnhsE,1,1,1
979,Edwards,1788,4,5,1954,894,2,68,0,110000,Pave,1Fam,1,0,0
980,Sawyer,2242,5,6,1963,1121,2,80,0,139000,Pave,1Fam,1,0,1
981,NAmes,1943,7,9,1961,999,2,,0,178400,Pave,1Fam,1,0,1
982,NoRidge,3837,8,5,1998,2612,3,98,0,336000,Pave,1Fam,2,1,1
983,Blmngtn,2532,7,5,2007,1266,2,43,0,159895,Pave,1Fam,2,0,0
984,CollgCr,3418,8,5,2002,2290,2,,0,255900,Pave,1Fam,2,1,0
985,Mitchel,1734,5,5,1977,1734,2,75,0,126000,Pave,Duplex,2,0,0
986,Edwards,2328,5,5,1950,1164,1,68,0,125000,Pave,2fmCon,1,0,1
987,OldTown,2120,6,8,1910,1635,1,59,0,117000,Pave,1Fam,1,0,0
988,NridgHt,3870,9,5,2009,1940,3,83,0,395192,Pave,1Fam,2,1,1
989,NWAmes,2878,6,6,1976,2030,2,,0,195000,Pave,1Fam,2,1,0
990,Somerst,2346,7,5,2006,1576,2,65,0,197000,Pave,1Fam,2,1,0
991,NoRidge,3788,8,5,1997,2392,3,82,0,348000,Pave,1Fam,2,1,1
992,OldTown,2658,8,9,1882,1742,2,121,0,168000,Pave,1Fam,1,1,0
993,NAmes,2673,6,8,1964,1851,2,80,0,187000,Pave,1Fam,2,1,0
994,CollgCr,2250,6,5,2005,1500,2,68,0,173900,Pave,1Fam,2,1,0
995,NridgHt,3418,10,5,2006,1718,3,96,0,337500,Pave,1Fam,2,0,1
996,BrkSide,1977,4,7,1946,1230,1,51,0,121600,Pave,1Fam,1,1,1
997,NAmes,2100,5,6,1961,1050,1,,0,136500,Pave,1Fam,1,0,1
998,NWAmes,2884,6,6,1970,1442,2,,0,185000,Pave,1Fam,2,0,0
999,IDOTRR,2084,3,4,1922,1077,1,60,0,91000,Pave,1Fam,1,0,0
1000,CollgCr,2395,7,5,2006,1208,2,64,0,206000,Pave,1Fam,2,0,1
1001,Edwards,944,3,3,1952,944,2,74,0,82000,Pave,1Fam,1,0,0
1002,OldTown,1382,5,6,1920,691,1,60,0,86000,Pave,1Fam,1,0,0
1003,Somerst,3148,8,5,2006,1574,3,75,0,232000,Pave,1Fam,2,0,0
1004,NWAmes,3360,5,6,1976,1680,2,,0,136905,Pave,Duplex,2,0,0
1005,Blmngtn,2850,7,5,2005,1504,2,43,0,181000,Pave,TwnhsE,2,0,0
1006,CollgCr,1970,5,8,1977,985,1,65,0,149900,Pave,1Fam,2,0,0
1007,NAmes,3314,6,3,1970,1657,2,,0,163500,Pave,1Fam,2,0,0
1008,MeadowV,1638,4,4,1970,1092,1,21,0,88000,Pave,TwnhsE,1,1,0
1009,Mitchel,3420,7,5,2004,1710,2,43,0,240000,Pave,1Fam,2,0,0
1010,SWISU,2016,5,5,1926,1522,0,60,0,102000,Pave,1Fam,2,0,0
1011,Sawyer,1991,5,5,1948,1271,1,115,0,135000,Pave,1Fam,2,0,0
1012,Edwards,1664,5,5,1965,1664,0,75,0,100000,Pave,Duplex,2,0,0
1013,Crawfor,2104,6,7,1923,1502,1,55,0,165000,Pave,1Fam,1,1,0
1014,OldTown,2044,5,4,1910,1022,1,60,0,85000,Pave,1Fam,1,0,1
1015,NAmes,2164,6,5,1948,1082,1,60,0,119200,Pave,1Fam,1,0,0
1016,NWAmes,2475,8,6,2001,1665,2,70,0,227000,Pave,1Fam,2,1,1
1017,CollgCr,3008,7,5,1996,1504,2,73,0,203000,Pave,1Fam,2,0,1
1018,StoneBr,2580,8,5,1984,1360,2,,0,187500,Pave,TwnhsE,1,0,1
1019,Gilbert,1856,7,5,1991,1472,2,,0,160000,Pave,1Fam,2,1,0
1020,Blmngtn,2868,7,5,2005,1506,2,43,0,213490,Pave,TwnhsE,2,0,0
1021,Edwards,2264,4,5,2005,1132,2,60,0,176000,Pave,1Fam,1,1,1
1022,CollgCr,2419,7,5,2006,1220,2,64,0,194000,Pave,1Fam,2,0,1
1023,OldTown,2160,5,5,1930,1248,1,52,0,87000,Pave,1Fam,1,0,0
1024,Blmngtn,2850,7,5,2005,1504,2,43,0,191000,Pave,TwnhsE,2,0,0
1025,Timber,4463,8,6,1976,2898,2,,0,287000,Pave,1Fam,2,0,1
1026,CollgCr,1764,5,5,1972,882,2,70,0,112500,Pave,1Fam,1,0,1
1027,NAmes,2532,5,5,1960,1264,2,73,0,167500,Pave,1Fam,1,0,1
1028,Timber,3284,8,5,2007,1646,3,71,0,293077,Pave,1Fam,2,0,1
1029,NAmes,2144,5,5,1941,1376,1,79,0,105000,Pave,1Fam,1,0,1
1030,BrDale,1890,6,7,1972,1218,1,21,0,118000,Pave,Twnhs,1,1,0
1031,SWISU,2614,5,8,1916,1928,0,,0,160000,Pave,2fmCon,2,0,0
1032,SWISU,3509,7,3,1920,3082,2,102,0,197000,Pave,1Fam,2,1,1
1033,NoRidge,3858,8,7,1993,2520,3,,0,310000,Pave,1Fam,2,1,1
1034,CollgCr,3308,7,5,2002,1654,3,,0,230000,Pave,1Fam,2,0,1
1035,Crawfor,1874,5,7,1938,954,1,50,0,119750,Pave,1Fam,1,0,0
1036,Edwards,845,4,3,1957,845,1,,0,84000,Pave,1Fam,1,0,0
1037,Timber,3240,9,5,2007,1620,3,89,0,315500,Pave,1Fam,2,0,1
1038,CollgCr,3318,8,5,2001,2263,2,,0,287000,Pave,1Fam,2,1,0
1039,MeadowV,1890,4,6,1970,1344,0,21,0,97000,Pave,Twnhs,1,1,0
1040,MeadowV,1260,4,4,1970,630,1,21,0,80000,Pave,TwnhsE,1,0,1
1041,Sawyer,2937,5,4,1957,1803,2,88,0,155000,Pave,1Fam,2,0,1
1042,NWAmes,2432,6,8,1966,1632,2,,0,173000,Pave,1Fam,1,1,0
1043,NridgHt,2612,6,5,2005,1306,2,34,0,196000,Pave,Twnhs,2,0,1
1044,SawyerW,3804,7,5,1990,2329,2,86,0,262280,Pave,1Fam,2,1,1
1045,NWAmes,5048,8,5,1981,2524,2,80,0,278000,Pave,1Fam,2,1,1
1046,Edwards,1733,3,5,1955,1733,2,,0,139600,Pave,1Fam,2,0,0
1047,StoneBr,4860,9,5,2005,2868,3,85,0,556581,Pave,1Fam,3,1,0
1048,CollgCr,1980,5,5,1994,990,2,57,0,145000,Pave,1Fam,1,0,0
1049,Mitchel,1771,5,4,1960,1771,2,100,0,115000,Pave,1Fam,1,0,0
1050,Edwards,930,4,7,1946,930,1,60,0,84900,Pave,1Fam,1,0,0
1051,Gilbert,2604,7,5,2007,1302,2,73,0,176485,Pave,1Fam,2,0,0
1052,CollgCr,2632,7,5,2007,1316,2,103,0,200141,Pave,1Fam,2,0,0
1053,NAmes,2793,6,6,1964,1977,2,100,0,165000,Pave,1Fam,1,1,0
1054,Edwards,2742,5,6,1957,1526,1,68,0,144500,Pave,1Fam,1,0,0
1055,CollgCr,3054,8,5,2002,1989,2,90,0,255000,Pave,1Fam,2,1,1
1056,NWAmes,2716,6,5,1976,1523,2,104,0,180000,Pave,1Fam,2,0,0
1057,NridgHt,2728,7,5,2005,1364,2,43,0,185850,Pave,TwnhsE,2,0,1
1058,NoRidge,2823,7,6,1994,1850,2,,0,248000,Pave,1Fam,2,1,0
1059,NridgHt,3288,9,5,2008,2184,3,96,0,335000,Pave,1Fam,2,1,1
1060,Crawfor,2845,6,7,1932,1991,2,,0,220000,Pave,1Fam,1,1,0
1061,StoneBr,2676,8,5,2001,1338,2,41,0,213500,Pave,TwnhsE,2,0,1
1062,IDOTRR,1788,3,4,1935,894,3,120,0,81000,Grvl,1Fam,1,0,0
1063,OldTown,2999,5,5,1900,2337,2,85,0,90000,Pave,2fmCon,2,0,0
1064,OldTown,2206,6,6,1925,1103,2,50,0,110500,Pave,1Fam,1,0,0
1065,NAmes,2308,5,6,1966,1154,2,,0,154000,Pave,1Fam,1,1,0
1066,ClearCr,3566,7,5,1996,2260,2,80,0,328000,Pave,1Fam,2,1,1
1067,Gilbert,2370,6,7,1993,1571,2,59,0,178000,Pave,1Fam,2,1,0
1068,NAmes,2391,6,6,1964,1611,2,80,0,167900,Pave,1Fam,1,1,1
1069,MeadowV,3463,6,4,1973,2521,2,42,0,151400,Pave,TwnhsE,2,1,1
1070,NAmes,1738,5,7,1949,893,2,60,0,135000,Pave,1Fam,1,0,0
1071,NAmes,2096,5,5,1956,1048,1,72,0,135000,Pave,1Fam,1,0,1
1072,NWAmes,2283,6,6,1968,1556,2,78,0,154000,Pave,1Fam,1,1,0
1073,Edwards,2266,5,3,1948,1456,1,50,0,91500,Pave,1Fam,1,0,1
1074,Edwards,2116,6,6,1977,1426,2,75,0,159500,Pave,1Fam,1,1,0
1075,CollgCr,2480,7,5,2006,1240,3,74,0,194000,Pave,1Fam,2,0,0
1076,Crawfor,2540,7,6,1940,1740,1,75,0,219500,Pave,1Fam,1,1,0
1077,OldTown,2262,5,8,1936,1466,2,60,0,170000,Pave,1Fam,2,0,0
1078,NAmes,2192,5,5,1969,1096,1,,0,138800,Pave,1Fam,1,0,1
1079,CollgCr,1696,6,5,2004,848,2,37,0,155900,Pave,TwnhsE,1,0,1
1080,CollgCr,1980,5,5,1994,990,1,65,0,126000,Pave,1Fam,1,0,0
1081,NWAmes,2516,6,7,1971,1258,2,80,0,145000,Pave,1Fam,2,0,0
1082,Sawyer,2080,5,5,1963,1040,1,75,0,133000,Pave,1Fam,1,1,1
1083,CollgCr,2918,7,5,2002,1459,2,70,0,192000,Pave,1Fam,2,0,0
1084,NAmes,2502,6,6,1964,1251,1,80,0,160000,Pave,1Fam,1,0,1
1085,Gilbert,2189,6,5,1995,1498,2,,0,187500,Pave,1Fam,2,1,0
1086,SawyerW,1932,6,6,1992,996,2,73,0,147000,Pave,1Fam,1,0,1
1087,MeadowV,1638,4,5,1973,1092,1,,0,83500,Pave,TwnhsE,1,1,0
1088,Somerst,3035,8,5,2005,1953,3,85,0,252000,Pave,1Fam,2,1,0
1089,Edwards,2679,7,5,2004,1709,2,24,0,137500,Pave,Twnhs,2,0,0
1090,Somerst,2494,8,5,2005,1247,2,37,0,197000,Pave,TwnhsE,1,1,1
1091,NAmes,1040,3,4,1950,1040,2,60,0,92900,Pave,Duplex,2,0,0
1092,Somerst,1852,7,5,1999,1252,2,24,0,160000,Pave,Twnhs,2,1,1
1093,SWISU,2875,6,5,1925,1694,2,60,0,136500,Pave,1Fam,2,0,0
1094,NAmes,2064,5,8,1965,1200,2,71,0,146000,Pave,1Fam,1,1,1
1095,NAmes,1872,5,7,1956,936,1,74,0,129000,Pave,1Fam,1,0,1
1096,CollgCr,2628,6,5,2006,1314,2,78,0,176432,Pave,1Fam,2,0,0
1097,IDOTRR,2039,6,7,1914,1355,0,60,0,127000,Pave,1Fam,1,1,0
1098,StoneBr,2162,8,5,1986,1088,2,,0,170000,Pave,TwnhsE,1,1,0
1099,BrkSide,1996,4,6,1936,1324,1,50,0,128000,Pave,1Fam,1,0,0
1100,NWAmes,2872,7,5,1978,1601,2,82,0,157000,Pave,1Fam,2,0,0
1101,SWISU,728,2,5,1920,438,1,60,0,60000,Pave,1Fam,1,0,0
1102,NAmes,1900,5,5,1971,950,1,61,0,119500,Pave,1Fam,1,0,0
1103,NAmes,2144,5,7,1960,1134,1,70,0,135000,Pave,1Fam,1,0,0
1104,NAmes,1849,6,6,1959,1194,2,79,0,159500,Pave,1Fam,1,0,0
1105,BrDale,1932,5,5,1970,1302,2,24,0,106000,Pave,TwnhsE,2,1,0
1106,NoRidge,4085,8,5,1994,2622,2,98,0,325000,Pave,1Fam,2,1,1
1107,SawyerW,2352,7,5,1990,1442,2,114,0,179900,Pave,1Fam,2,0,1
1108,Gilbert,2889,7,5,2006,2021,2,168,0,274725,Pave,1Fam,2,1,0
1109,Gilbert,2614,6,5,2000,1690,2,,0,181000,Pave,1Fam,2,1,0
1110,NridgHt,3672,8,5,2004,1836,3,107,0,280000,Pave,1Fam,2,0,1
1111,Gilbert,2431,6,5,1995,1658,2,,0,188000,Pave,1Fam,2,1,1
1112,NWAmes,2767,7,6,1976,1964,2,80,0,205000,Pave,1Fam,2,1,0
1113,NAmes,1632,5,7,1957,816,1,73,0,129900,Pave,1Fam,1,0,1
1114,NAmes,2016,5,7,1953,1008,1,66,0,134500,Pave,1Fam,1,0,1
1115,OldTown,1666,5,7,1954,833,1,90,0,117000,Pave,1Fam,1,0,0
1116,NridgHt,3468,8,5,2007,1734,3,93,0,318000,Pave,1Fam,2,0,1
1117,Gilbert,1827,8,5,2002,1419,2,,0,184100,Pave,1Fam,2,1,1
1118,Sawyer,1788,5,7,1967,894,2,57,0,130000,Pave,1Fam,1,0,1
1119,Sawyer,2134,5,6,1958,1601,1,85,0,140000,Pave,1Fam,1,0,0
1120,NAmes,2080,5,5,1959,1040,1,70,0,133700,Pave,1Fam,1,0,0
1121,IDOTRR,2024,6,5,1920,1012,1,59,0,118400,Pave,1Fam,1,0,0
1122,CollgCr,3104,7,5,2005,1552,3,84,0,212900,Pave,1Fam,2,0,0
1123,Edwards,1632,4,3,1956,960,1,,0,112000,Pave,1Fam,1,0,0
1124,Edwards,1396,5,9,1947,698,0,50,0,118000,Pave,1Fam,1,0,0
1125,Gilbert,1866,7,5,1992,1482,2,,0,163900,Pave,1Fam,2,1,0
1126,NAmes,2010,4,5,1955,1005,2,60,0,115000,Pave,1Fam,1,0,0
1127,Blmngtn,2928,7,5,2007,1555,3,53,0,174000,Pave,TwnhsE,2,0,0
1128,Gilbert,3060,7,5,2004,1530,3,182,0,259000,Pave,1Fam,2,0,1
1129,Gilbert,2806,7,5,2004,1959,2,59,0,215000,Pave,1Fam,2,1,0
1130,OldTown,1872,5,5,1980,936,2,60,0,140000,Pave,Duplex,1,0,1
1131,SWISU,3103,4,3,1928,1981,2,65,0,135000,Pave,1Fam,2,0,1
1132,Mitchel,1948,5,5,1991,974,0,63,0,93500,Pave,1Fam,1,0,0
1133,OldTown,3218,6,4,1880,2210,1,90,0,117500,Pave,1Fam,2,0,0
1134,SawyerW,3148,8,5,1995,2020,2,80,0,239500,Pave,1Fam,2,1,0
1135,Gilbert,2516,6,5,1997,1600,2,57,0,169000,Pave,1Fam,2,1,0
1136,BrkSide,1946,6,5,1926,986,1,60,0,102000,Pave,1Fam,1,0,0
1137,NAmes,2284,6,5,1950,1252,1,80,0,119000,Pave,1Fam,1,0,0
1138,Sawyer,1800,5,8,1875,1020,0,54,0,94000,Pave,1Fam,1,0,0
1139,Mitchel,3134,6,5,1977,1567,2,,0,196000,Pave,1Fam,2,0,1
1140,BrkSide,2082,5,5,1920,1167,2,98,0,144000,Pave,1Fam,1,0,0
1141,NAmes,1904,5,7,1951,952,2,60,0,139000,Pave,1Fam,1,0,1
1142,NWAmes,2648,5,7,1976,1868,2,,0,197500,Pave,1Fam,2,1,1
1143,CollgCr,4294,8,5,2006,2828,3,77,0,424870,Pave,1Fam,3,0,1
1144,Sawyer,2012,5,3,1959,1006,0,,0,80000,Pave,1Fam,1,0,0
1145,Edwards,1596,4,4,1941,924,1,60,0,80000,Pave,2fmCon,1,0,1
1146,BrkSide,2618,5,6,1928,1576,1,52,0,149000,Pave,1Fam,1,0,0
1147,SawyerW,2596,6,5,1985,1298,2,,0,180000,Pave,1Fam,2,0,1
1148,Crawfor,2268,7,7,1941,1564,1,75,0,174500,Pave,1Fam,1,1,0
1149,OldTown,1683,7,7,1926,1111,1,,0,116900,Pave,1Fam,1,0,0
1150,OldTown,2132,7,9,1920,1482,2,50,0,143000,Pave,1Fam,1,0,0
1151,NAmes,1864,6,5,1950,932,1,57,0,124000,Pave,1Fam,1,0,0
1152,Edwards,2932,5,4,1959,1466,2,134,0,149900,Pave,1Fam,1,1,0
1153,Crawfor,2884,6,7,1956,1811,2,90,0,230000,Pave,1Fam,1,0,0
1154,IDOTRR,1632,6,8,1930,816,1,,0,120500,Pave,1Fam,1,0,0
1155,NAmes,2684,7,6,1965,1820,2,,0,201800,Pave,1Fam,1,2,0
1156,Veenker,2874,5,8,1976,1437,2,90,0,218000,Pave,1Fam,2,0,1
1157,NAmes,2484,5,8,1965,1265,2,85,0,179900,Pave,1Fam,2,0,0
1158,NridgHt,2628,7,5,2007,1314,2,34,0,230000,Pave,Twnhs,2,0,1
1159,Somerst,3160,8,5,2007,1580,3,92,0,235128,Pave,1Fam,2,0,0
1160,NWAmes,2777,6,6,1974,1876,2,76,0,185000,Pave,1Fam,2,1,0
1161,NPkVill,2311,6,5,1978,1456,2,24,0,146000,Pave,Twnhs,2,1,0
1162,Crawfor,2936,6,7,1954,1640,2,,0,224000,Pave,1Fam,1,0,1
1163,Sawyer,1788,5,5,1968,894,2,109,0,129000,Pave,1Fam,1,0,0
1164,Sawyer,2456,4,4,1969,1258,2,60,0,108959,Pave,Duplex,0,2,2
1165,Veenker,2792,5,7,1978,1432,2,,0,194000,Pave,1Fam,1,1,1
1166,NridgHt,3004,7,5,2009,1502,2,79,0,233170,Pave,1Fam,2,0,0
1167,CollgCr,3388,8,5,2008,1694,3,64,0,245350,Pave,1Fam,2,0,0
1168,Gilbert,2630,6,5,2000,1671,2,58,0,173000,Pave,1Fam,2,1,1
1169,Edwards,3235,6,7,1935,2108,2,120,0,235000,Pave,1Fam,2,0,0
1170,NoRidge,5557,10,5,1995,3627,3,118,0,625000,Pave,1Fam,3,1,1
1171,Mitchel,2214,6,6,1977,1118,1,76,576,171000,Pave,1Fam,1,0,1
1172,NAmes,2522,6,6,1958,1261,2,76,0,163000,Pave,1Fam,1,0,1
1173,Somerst,1875,7,5,2006,1250,2,35,0,171900,Pave,TwnhsE,2,1,0
1174,ClearCr,4205,5,6,1946,3086,0,138,0,200500,Pave,1Fam,3,0,0
1175,Crawfor,3297,6,8,1932,2345,2,80,0,239000,Pave,1Fam,2,1,0
1176,NoRidge,4555,8,5,1992,2872,2,85,0,285000,Pave,1Fam,2,1,0
1177,Mitchel,1799,5,5,1984,923,1,37,0,119500,Pave,1Fam,1,0,1
1178,OldTown,2042,6,8,1926,1224,1,,0,115000,Pave,1Fam,1,0,0
1179,Crawfor,2074,5,6,1921,1343,1,54,0,154900,Pave,1Fam,1,1,0
1180,Edwards,1124,5,5,1954,1124,0,77,0,93000,Pave,1Fam,1,0,0
1181,Timber,3730,7,5,1990,2514,2,,0,250000,Pave,1Fam,2,1,0
1182,Crawfor,3252,8,5,2008,1652,2,64,0,392500,Pave,TwnhsE,2,0,1
1183,NoRidge,6872,10,5,1996,4476,3,160,555,745000,Pave,1Fam,3,1,1
1184,OldTown,2250,5,6,1920,1130,2,60,0,120000,Pave,1Fam,1,0,1
1185,Timber,3144,5,4,1963,1572,3,50,0,186700,Grvl,1Fam,1,1,1
1186,Edwards,2005,5,7,1924,1221,1,60,0,104900,Pave,1Fam,1,0,1
1187,OldTown,2677,3,5,1900,1699,2,107,0,95000,Pave,2fmCon,2,0,1
1188,NoRidge,3248,8,5,1994,1624,3,89,0,262000,Pave,1Fam,2,0,1
1189,CollgCr,2491,7,5,2002,1660,2,68,0,195000,Pave,1Fam,2,1,0
1190,Gilbert,2798,7,5,1999,1804,2,60,0,189000,Pave,1Fam,2,1,0
1191,Mitchel,2871,4,4,1961,1622,4,,0,168000,Pave,2fmCon,1,0,1
1192,Somerst,2217,8,5,1999,1441,2,24,0,174000,Pave,Twnhs,2,1,0
1193,OldTown,2174,5,8,1925,1472,1,60,0,125000,Pave,1Fam,1,0,0
1194,Mitchel,2448,6,5,1999,1224,2,,0,165000,Pave,TwnhsE,2,0,1
1195,Sawyer,2015,6,7,1969,1352,1,80,0,158000,Pave,1Fam,1,1,0
1196,Gilbert,2184,6,5,2005,1456,2,51,0,176000,Pave,1Fam,2,1,0
1197,Gilbert,2742,7,5,2006,1863,3,58,0,219210,Pave,1Fam,2,1,0
1198,OldTown,2505,7,6,1916,1690,1,65,0,144000,Pave,1Fam,1,0,0
1199,CollgCr,2424,7,5,2001,1212,2,70,0,178000,Pave,1Fam,2,0,0
1200,Sawyer,2433,4,5,1963,1382,2,75,0,148000,Pave,1Fam,1,1,0
1201,NAmes,1728,4,5,1970,864,1,71,0,116050,Pave,1Fam,1,0,0
1202,CollgCr,2645,7,5,1998,1779,2,80,0,197900,Pave,1Fam,2,1,0
1203,BrkSide,2232,5,8,1925,1348,1,50,0,117000,Pave,1Fam,1,0,1
1204,CollgCr,3260,7,5,2000,1630,2,75,0,213000,Pave,1Fam,2,0,0
1205,NWAmes,2130,5,6,1975,1074,2,78,0,153500,Pave,1Fam,1,1,1
1206,SawyerW,4354,7,7,1990,2196,3,90,0,271900,Pave,1Fam,2,0,0
1207,SawyerW,2112,4,4,1966,1056,1,,0,107000,Pave,1Fam,1,0,1
1208,CollgCr,3382,6,5,2003,1700,2,70,0,200000,Pave,1Fam,2,0,1
1209,NAmes,2214,5,7,1962,1283,2,70,0,140000,Pave,1Fam,1,0,1
1210,Somerst,3320,8,5,2006,1660,2,85,0,290000,Pave,1Fam,2,0,1
1211,SawyerW,2900,6,5,1992,1845,2,70,0,189000,Pave,1Fam,2,1,0
1212,Gilbert,2311,8,7,1988,1752,2,152,0,164000,Pave,1Fam,2,0,0
1213,Edwards,1344,4,6,1941,672,1,50,0,113000,Pave,1Fam,1,0,1
1214,Sawyer,1608,4,9,1965,960,1,,0,145000,Pave,1Fam,0,0,1
1215,NAmes,1924,5,5,1962,999,1,69,0,134500,Pave,1Fam,1,0,1
1216,Sawyer,1788,5,5,1966,894,1,99,0,125000,Pave,1Fam,1,0,0
1217,Sawyer,1902,6,5,1978,1902,2,68,0,112000,Pave,Duplex,2,0,0
1218,Somerst,2614,8,5,2009,1314,2,72,0,229456,Pave,1Fam,2,0,1
1219,BrkSide,912,4,5,1947,912,0,52,0,80500,Pave,1Fam,1,0,0
1220,BrDale,1890,6,5,1971,1218,0,21,0,91500,Pave,Twnhs,1,1,0
1221,NAmes,1824,5,5,1964,912,1,66,0,115000,Pave,1Fam,1,0,0
1222,Sawyer,2163,5,5,1968,1211,1,55,0,134000,Pave,1Fam,1,0,0
1223,NAmes,2886,6,6,1949,1846,1,78,0,143000,Pave,1Fam,2,0,0
1224,NAmes,4272,5,3,1951,2136,2,89,0,137900,Pave,1Fam,2,0,0
1225,Gilbert,2278,7,5,2004,1490,2,60,0,184000,Pave,1Fam,2,1,1
1226,NAmes,1726,6,8,1958,1138,1,65,0,145000,Pave,1Fam,1,0,0
1227,Somerst,2827,6,5,2007,1933,3,86,0,214000,Pave,1Fam,2,1,0
1228,NAmes,1824,5,8,1965,912,2,72,0,147000,Pave,1Fam,1,0,1
1229,NridgHt,3404,9,5,2008,1702,3,65,0,367294,Pave,TwnhsE,1,1,1
1230,NAmes,2582,5,5,1960,1507,1,70,0,127000,Pave,1Fam,2,0,0
1231,Sawyer,3981,5,5,1977,2620,2,,0,190000,Pave,Duplex,2,2,0
1232,NAmes,2296,5,6,1962,1190,2,70,0,132500,Pave,Duplex,1,0,1
1233,NAmes,1224,4,5,1962,1224,2,70,0,101800,Pave,Duplex,2,0,0
1234,NAmes,2376,5,5,1959,1188,2,,0,142000,Pave,1Fam,1,0,1
1235,SWISU,2904,5,6,1911,1964,0,55,0,130000,Pave,1Fam,1,1,0
1236,Crawfor,2531,5,5,1914,1784,1,96,0,138887,Pave,1Fam,1,1,0
1237,NridgHt,2390,7,5,2003,1626,2,36,0,175500,Pave,Twnhs,2,1,0
1238,CollgCr,2795,7,5,2004,1948,2,41,0,195000,Pave,1Fam,2,1,0
1239,SawyerW,2282,6,5,2005,1141,2,63,0,142500,Pave,1Fam,1,1,0
1240,Timber,2960,8,5,2006,1484,2,64,0,265900,Pave,1Fam,2,0,0
1241,CollgCr,2652,7,5,2003,1768,2,65,0,224900,Pave,1Fam,2,1,1
1242,Somerst,3378,7,6,2007,1689,3,83,0,248328,Pave,1Fam,2,0,0
1243,NWAmes,2226,7,6,1974,1173,2,85,0,170000,Pave,1Fam,2,0,1
1244,NridgHt,4152,10,5,2006,2076,3,107,0,465000,Pave,1Fam,2,1,1
1245,Crawfor,2309,8,7,1929,1517,2,,0,230000,Pave,1Fam,1,0,0
1246,NWAmes,2453,6,7,1984,1868,2,78,0,178000,Pave,1Fam,3,1,0
1247,Somerst,2309,7,5,2005,1553,2,65,0,186500,Pave,1Fam,2,1,0
1248,Mitchel,2046,6,5,1976,1034,3,,0,169900,Pave,1Fam,1,0,1
1249,OldTown,2793,6,5,1917,2058,2,60,0,129500,Pave,1Fam,1,1,0
1250,NAmes,1864,5,7,1950,988,1,60,0,119000,Pave,1Fam,1,0,0
1251,NAmes,4220,7,5,1968,2110,2,93,0,244000,Pave,1Fam,2,1,1
1252,NridgHt,2810,7,5,2003,1405,2,,0,171750,Pave,TwnhsE,2,0,0
1253,Mitchel,1738,5,6,1968,874,1,62,0,130000,Pave,1Fam,1,0,1
1254,Veenker,3359,7,7,1974,2167,2,,0,294000,Pave,1Fam,2,1,1
1255,Edwards,2402,7,5,2003,1656,2,60,0,165400,Pave,1Fam,2,1,0
1256,BrkSide,2251,6,6,1931,1367,1,52,0,127500,Pave,1Fam,1,0,0
1257,NoRidge,3973,8,5,1994,1987,2,91,0,301500,Pave,1Fam,2,0,1
1258,Edwards,1728,5,8,1922,864,0,56,0,99900,Pave,1Fam,1,0,0
1259,Gilbert,2022,7,5,2005,1166,2,59,0,190000,Pave,1Fam,2,0,1
1260,NAmes,2108,6,8,1969,1054,2,65,0,151000,Pave,1Fam,1,1,1
1261,Gilbert,2516,6,5,1999,1675,2,,0,181000,Pave,1Fam,2,1,0
1262,NAmes,2100,5,6,1956,1050,1,80,0,128900,Pave,1Fam,1,0,0
1263,ClearCr,2892,4,5,1957,1788,1,,0,161500,Pave,1Fam,1,0,1
1264,BrkSide,2588,6,6,1919,1824,2,60,0,180500,Pave,1Fam,1,0,0
1265,NAmes,2742,6,5,1998,1337,2,34,0,181000,Pave,TwnhsE,2,0,1
1266,Somerst,2143,7,5,1999,1452,2,35,0,183900,Pave,TwnhsE,2,1,1
1267,OldTown,2814,7,4,1910,1889,1,60,0,122000,Pave,2fmCon,1,1,0
1268,Timber,4020,9,5,2008,2018,3,89,0,378500,Pave,1Fam,2,0,0
1269,Crawfor,4175,8,9,1935,3447,3,,0,381000,Pave,1Fam,3,1,0
1270,NAmes,2398,5,5,1958,1524,1,78,0,144000,Pave,1Fam,1,1,0
1271,ClearCr,2856,7,6,1979,1524,2,,0,260000,Pave,1Fam,0,1,2
1272,NWAmes,2978,6,7,1968,1489,2,,0,185750,Pave,1Fam,2,0,0
1273,Sawyer,1870,5,6,1965,935,1,,0,137000,Pave,1Fam,1,0,1
1274,Edwards,2376,6,7,1959,1357,1,124,0,177000,Pave,1Fam,1,0,1
1275,Crawfor,1911,5,6,1910,1250,2,53,0,139000,Pave,1Fam,2,0,0
1276,NAmes,2848,5,5,1948,1920,2,95,0,137000,Pave,Duplex,2,0,0
1277,NWAmes,2118,6,6,1972,1395,2,,0,162000,Pave,1Fam,1,1,0
1278,NWAmes,3404,6,5,1967,1724,2,,0,197900,Pave,1Fam,1,1,1
1279,CollgCr,3159,8,5,2002,2031,2,75,0,237000,Pave,1Fam,2,1,1
1280,IDOTRR,1826,4,4,1920,1128,2,60,0,68400,Pave,1Fam,1,0,0
1281,CollgCr,3146,7,5,2002,1573,2,67,0,227000,Pave,1Fam,2,0,1
1282,Timber,2648,7,5,1990,1339,2,50,0,180000,Pave,1Fam,2,0,1
1283,CollgCr,2080,5,7,1977,1040,2,61,0,150500,Pave,1Fam,2,0,0
1284,Mitchel,2736,6,5,1971,1824,0,94,0,139000,Pave,Duplex,2,2,0
1285,SWISU,3251,6,7,1919,2447,1,50,0,169000,Pave,1Fam,2,0,0
1286,BrkSide,2192,6,6,1939,1412,1,50,0,132500,Pave,1Fam,1,0,0
1287,NWAmes,2656,6,5,1963,1328,2,,0,143000,Pave,1Fam,1,1,1
1288,ClearCr,3206,5,5,1964,1582,2,,0,190000,Pave,1Fam,2,0,0
1289,StoneBr,3160,8,5,2000,1659,2,40,0,278000,Pave,TwnhsE,2,0,1
1290,NridgHt,3055,8,5,2006,1970,3,86,0,281000,Pave,1Fam,2,1,0
1291,NAmes,2304,5,7,1964,1152,2,,0,180500,Pave,1Fam,1,0,1
1292,BrDale,1932,5,7,1972,1302,1,21,0,119500,Pave,Twnhs,2,1,0
1293,OldTown,3366,5,4,1892,2372,1,60,0,107500,Pave,1Fam,2,0,0
1294,NWAmes,2496,7,5,1976,1664,2,78,0,162900,Pave,1Fam,2,1,0
1295,Edwards,1728,5,7,1955,864,2,60,0,115000,Pave,1Fam,1,0,1
1296,NAmes,2104,5,5,1968,1052,1,70,0,138500,Pave,1Fam,1,1,1
1297,NAmes,2248,5,6,1963,1128,2,80,0,155000,Pave,1Fam,2,0,1
1298,Edwards,1619,6,5,2005,1072,2,35,0,140000,Pave,TwnhsE,2,0,1
1299,Edwards,11752,10,5,2008,5642,2,313,480,160000,Pave,1Fam,2,1,2
1300,NAmes,2492,5,7,1959,1246,1,75,0,154000,Pave,1Fam,1,1,1
1301,Gilbert,2961,7,5,1999,1983,2,,0,225000,Pave,1Fam,2,1,0
1302,Crawfor,2265,6,7,1942,1494,1,,0,177500,Pave,1Fam,1,0,0
1303,NoRidge,3691,8,5,1994,2526,3,92,0,290000,Pave,1Fam,2,1,1
1304,Somerst,3232,7,5,2005,1616,3,73,0,232000,Pave,1Fam,2,0,0
1305,Edwards,2684,7,5,2004,1708,2,32,0,130000,Pave,TwnhsE,2,0,0
1306,NridgHt,3304,9,5,2006,1652,2,108,0,325000,Pave,1Fam,2,0,1
1307,NridgHt,2736,7,5,2005,1368,2,48,0,202500,Pave,TwnhsE,2,0,0
1308,CollgCr,1980,5,5,1994,990,2,60,0,138000,Pave,1Fam,1,0,1
1309,OldTown,2046,5,7,1948,1122,2,100,0,147000,Pave,1Fam,1,0,1
1310,SawyerW,2572,6,5,1991,1294,2,,0,179200,Pave,1Fam,2,0,1
1311,Crawfor,3804,7,8,1959,1902,2,100,0,335000,Pave,1Fam,2,0,1
1312,CollgCr,2548,7,5,2005,1274,2,68,0,203000,Pave,1Fam,2,0,1
1313,NoRidge,4263,8,5,1990,2810,2,,0,302000,Pave,1Fam,2,1,0
1314,NoRidge,3992,9,5,1999,2599,3,108,0,333168,Pave,1Fam,2,1,0
1315,Edwards,1896,4,6,1954,948,1,60,0,119000,Pave,1Fam,1,0,1
1316,NAmes,3064,6,5,1969,2112,2,85,0,206900,Pave,1Fam,2,1,0
1317,CollgCr,3252,8,5,2008,1630,3,61,0,295493,Pave,1Fam,2,0,1
1318,Somerst,2704,7,5,2006,1352,2,47,0,208900,Pave,TwnhsE,2,0,0
1319,CollgCr,3540,8,5,2001,1787,3,,0,275000,Pave,1Fam,2,0,0
1320,Edwards,1812,4,5,1954,948,1,75,0,111000,Pave,1Fam,1,0,0
1321,NAmes,2956,6,3,1957,1478,2,70,0,156500,Pave,1Fam,1,1,1
1322,BrkSide,720,3,6,1949,720,1,,0,72500,Pave,1Fam,1,0,0
1323,NoRidge,2673,7,5,1992,1923,2,107,0,190000,Pave,1Fam,2,1,1
1324,BrkSide,1128,4,7,1940,708,0,50,0,82500,Pave,1Fam,1,0,0
1325,Somerst,3590,8,5,2006,1795,3,75,0,147000,Pave,1Fam,2,0,0
1326,IDOTRR,1592,4,4,1922,796,0,40,0,55000,Pave,1Fam,1,0,0
1327,Edwards,1318,3,6,1931,774,0,70,0,79000,Pave,1Fam,1,0,0
1328,Mitchel,1632,5,9,1982,816,1,60,0,130500,Pave,1Fam,1,0,0
1329,OldTown,4302,6,7,1920,2792,2,60,0,256000,Pave,1Fam,2,0,0
1330,Gilbert,2567,7,5,1998,1632,2,63,0,176500,Pave,1Fam,2,1,0
1331,Somerst,3176,8,5,2006,1588,3,85,0,227000,Pave,1Fam,2,0,0
1332,CollgCr,1865,5,5,1976,954,2,55,0,132500,Pave,1Fam,1,0,0
1333,Edwards,1632,4,6,1938,816,1,67,0,100000,Pave,1Fam,1,0,1
1334,IDOTRR,2163,5,6,1938,1360,1,60,0,125500,Pave,1Fam,1,1,0
1335,BrDale,2130,5,6,1970,1365,2,24,0,125000,Pave,TwnhsE,1,1,0
1336,NWAmes,2684,6,5,1977,1334,2,80,0,167900,Pave,1Fam,2,0,0
1337,NWAmes,3312,5,5,1973,1656,2,87,0,135000,Pave,Duplex,2,0,0
1338,OldTown,1386,4,4,1941,693,0,153,0,52500,Pave,1Fam,1,0,0
1339,CollgCr,2777,7,5,2002,1861,2,95,0,200000,Pave,1Fam,2,1,1
1340,CollgCr,1728,5,7,1972,864,1,120,0,128500,Pave,1Fam,1,0,0
1341,NAmes,1730,4,5,1971,872,4,70,0,123000,Pave,1Fam,1,0,0
1342,SawyerW,2228,6,5,2003,1114,2,66,0,155000,Pave,1Fam,1,0,1
1343,CollgCr,3453,8,5,2002,2169,2,,0,228500,Pave,1Fam,2,1,0
1344,Crawfor,2809,6,6,1928,1913,2,57,0,177000,Pave,1Fam,1,1,0
1345,CollgCr,2184,7,5,2006,1456,2,85,0,155835,Pave,1Fam,2,1,0
1346,OldTown,1920,4,4,1920,960,1,50,0,108500,Pave,1Fam,1,0,0
1347,NWAmes,3724,7,7,1968,2156,2,,0,262500,Pave,1Fam,2,0,0
1348,Timber,3508,8,5,2006,1776,3,93,0,283463,Pave,1Fam,2,0,1
1349,SawyerW,2976,7,5,1998,1494,2,,0,215000,Pave,1Fam,2,0,1
1350,OldTown,2837,8,5,1872,2358,0,50,0,122000,Pave,1Fam,2,0,0
1351,NAmes,3882,5,5,1969,2634,4,91,0,200000,Pave,Duplex,2,2,1
1352,NAmes,2574,6,6,1962,1716,2,70,0,171000,Pave,1Fam,1,1,0
1353,BrkSide,1874,6,9,1937,1176,2,50,0,134900,Pave,1Fam,1,0,0
1354,NoRidge,5271,8,5,1995,3238,3,56,0,410000,Pave,1Fam,2,1,1
1355,CollgCr,2857,7,5,2000,1865,3,,0,235000,Pave,1Fam,2,1,1
1356,NWAmes,2490,7,6,1968,1920,2,102,0,170000,Pave,1Fam,3,0,0
1357,NAmes,1756,5,5,1966,892,1,,0,110000,Pave,1Fam,1,0,0
1358,NAmes,2156,5,6,1971,1078,2,,0,149900,Pave,1Fam,1,1,1
1359,Somerst,2329,6,5,2000,1573,2,,0,177500,Pave,Twnhs,2,1,0
1360,NridgHt,3960,9,5,2004,1980,3,129,0,315000,Pave,1Fam,2,0,1
1361,SWISU,3213,5,6,1921,2601,2,51,0,189000,Pave,1Fam,3,1,0
1362,StoneBr,3060,7,5,2005,1530,2,124,0,260000,Pave,1Fam,2,0,1
1363,NAmes,2453,4,4,1920,1738,1,,0,104900,Pave,1Fam,2,0,0
1364,Gilbert,2028,6,5,2006,1412,2,73,0,156932,Pave,1Fam,2,1,0
1365,Somerst,1720,7,5,2005,1200,2,30,0,144152,Pave,TwnhsE,2,1,0
1366,Somerst,2488,7,5,2000,1674,2,,0,216000,Pave,1Fam,2,1,1
1367,CollgCr,2663,7,5,1999,1790,2,68,0,193000,Pave,1Fam,2,1,1
1368,MeadowV,2232,5,6,1977,1475,1,41,0,127000,Pave,TwnhsE,2,0,0
1369,CollgCr,1696,6,5,2003,848,2,,0,144000,Pave,TwnhsE,1,0,1
1370,CollgCr,3325,8,5,2003,1668,2,48,0,232000,Pave,1Fam,2,0,1
1371,OldTown,2214,4,6,1920,1374,1,90,0,105000,Pave,1Fam,1,0,0
1372,NAmes,2653,6,6,1955,1661,1,80,0,165500,Pave,1Fam,1,0,1
1373,CollgCr,3205,7,6,1998,2097,2,75,0,274300,Pave,1Fam,2,1,1
1374,NoRidge,5266,10,5,2001,2633,3,,0,466500,Pave,1Fam,2,1,1
1375,Somerst,2984,7,5,2005,1958,3,85,0,250000,Pave,1Fam,2,1,0
1376,Timber,3142,8,5,2007,1571,3,89,0,239000,Pave,1Fam,2,0,0
1377,SWISU,1558,6,5,1930,790,1,52,0,91000,Pave,1Fam,1,0,0
1378,Edwards,2588,5,5,1941,1604,2,60,0,117000,Pave,1Fam,2,0,0
1379,BrDale,1470,6,5,1973,987,1,21,0,83000,Pave,Twnhs,1,1,0
1380,Timber,1778,5,5,2006,1394,2,73,0,167500,Pave,1Fam,2,1,0
1381,Edwards,1728,3,3,1914,864,1,45,0,58500,Pave,1Fam,1,0,1
1382,NAmes,3322,6,7,1970,2117,2,,0,237500,Pave,1Fam,2,1,0
1383,OldTown,2358,7,7,1920,1762,2,60,0,157000,Pave,1Fam,1,1,1
1384,Sawyer,2232,5,7,1918,1416,2,,0,112000,Pave,1Fam,2,0,0
1385,Edwards,1818,6,5,1939,1258,1,60,0,105000,Pave,1Fam,1,0,0
1386,IDOTRR,1950,4,8,1922,1154,1,40,0,125500,Pave,1Fam,1,0,1
1387,NWAmes,4176,7,5,1978,2784,2,80,519,250000,Pave,1Fam,3,1,1
1388,OldTown,3240,6,7,1916,2526,1,60,0,136000,Pave,1Fam,2,0,0
1389,Gilbert,3492,9,5,2006,1746,3,42,0,377500,Pave,1Fam,2,0,1
1390,BrkSide,1953,6,6,1941,1218,2,60,0,131000,Pave,1Fam,1,0,0
1391,CollgCr,3050,7,5,2000,1525,2,70,0,235000,Pave,1Fam,2,0,1
1392,NAmes,3168,5,5,1967,1584,3,65,0,124000,Pave,Duplex,2,0,0
1393,NAmes,1764,5,5,1967,900,1,68,0,123000,Pave,1Fam,1,0,1
1394,OldTown,2394,6,7,1905,1912,2,60,0,163000,Pave,2fmCon,2,0,0
1395,Blmngtn,2856,7,5,2006,1500,3,53,0,246578,Pave,TwnhsE,2,0,1
1396,Timber,3576,8,5,2005,2482,3,88,0,281213,Pave,1Fam,2,1,0
1397,Timber,2434,5,5,1948,1687,2,,0,160000,Pave,1Fam,1,0,1
1398,BrkSide,2452,5,8,1920,1513,1,51,0,137500,Pave,1Fam,1,1,0
1399,NAmes,3112,5,4,1950,1904,1,60,0,138000,Pave,1Fam,1,1,1
1400,SWISU,2584,6,6,1925,1608,1,51,0,137450,Pave,1Fam,2,1,0
1401,BrkSide,2020,6,7,1929,1158,1,50,0,120000,Pave,1Fam,1,0,0
1402,Gilbert,2432,6,5,2004,1593,2,62,0,193000,Pave,1Fam,2,1,1
1403,CollgCr,2580,7,5,2006,1294,2,64,0,193879,Pave,1Fam,2,0,0
1404,Somerst,2949,8,5,2007,1464,3,49,0,282922,Pave,1Fam,2,0,1
1405,OldTown,1886,3,4,1915,1214,3,60,0,105000,Pave,1Fam,1,0,0
1406,Crawfor,3240,8,5,2004,1646,2,44,0,275000,Pave,TwnhsE,2,0,1
1407,CollgCr,1536,5,7,1972,768,2,70,0,133000,Pave,1Fam,1,0,1
1408,Mitchel,1666,5,5,1985,833,0,,0,112000,Pave,1Fam,1,0,1
1409,OldTown,1985,4,7,1910,1363,2,60,0,125500,Pave,1Fam,1,0,0
1410,NWAmes,2884,7,6,1986,2093,2,46,0,215000,Pave,1Fam,2,1,0
1411,CollgCr,2784,7,5,2001,1840,2,79,0,230000,Pave,1Fam,2,1,1
1412,NAmes,2524,6,8,1950,1668,1,80,0,140000,Pave,1Fam,1,1,0
1413,NAmes,1040,4,5,1949,1040,2,60,0,90000,Pave,Duplex,2,0,0
1414,SawyerW,3688,8,5,2005,1844,2,88,0,257000,Pave,1Fam,2,0,1
1415,BrkSide,2681,6,7,1923,1848,2,64,0,207000,Pave,1Fam,1,1,0
1416,Blmngtn,2955,7,5,2007,1569,3,51,0,175900,Pave,TwnhsE,2,0,0
1417,OldTown,3067,4,6,1885,2290,2,60,0,122500,Pave,2fmCon,2,0,0
1418,NoRidge,3734,8,5,1998,2450,3,,0,340000,Pave,1Fam,2,1,1
1419,NAmes,2288,5,5,1963,1144,1,71,0,124000,Pave,1Fam,1,1,1
1420,Crawfor,3688,6,5,1969,1844,2,,0,223000,Pave,1Fam,2,0,1
1421,NWAmes,2124,6,6,1968,1416,2,90,0,179900,Pave,1Fam,2,1,0
1422,NPkVill,2138,6,5,1977,1069,2,53,0,127500,Pave,TwnhsE,2,0,0
1423,CollgCr,1696,6,5,2003,848,2,37,0,136500,Pave,TwnhsE,1,0,1
1424,Edwards,2898,6,7,1966,2201,2,,738,274970,Pave,1Fam,2,0,0
1425,NAmes,2368,5,5,1958,1344,1,,0,144000,Pave,1Fam,1,0,1
1426,NAmes,2504,6,6,1959,1252,2,80,0,142000,Pave,1Fam,1,0,0
1427,NoRidge,3350,7,5,1994,2127,2,81,0,271000,Pave,1Fam,2,1,1
1428,NAmes,2471,5,6,1945,1558,1,60,0,140000,Pave,1Fam,1,1,1
1429,OldTown,1592,5,7,1940,804,1,60,0,119000,Pave,1Fam,1,0,1
1430,NWAmes,2880,6,7,1981,1440,2,,0,182900,Pave,1Fam,2,0,0
1431,Gilbert,2570,5,5,2005,1838,2,60,0,192140,Pave,1Fam,2,1,0
1432,NPkVill,1916,6,6,1976,958,2,,0,143750,Pave,TwnhsE,2,0,0
1433,OldTown,1624,4,6,1927,968,1,60,0,64500,Pave,1Fam,2,0,0
1434,Gilbert,2728,6,5,2000,1792,2,93,0,186500,Pave,1Fam,2,1,1
1435,Mitchel,2252,5,5,1977,1126,2,80,0,160000,Pave,1Fam,2,0,1
1436,NAmes,2856,6,9,1962,1537,2,80,0,174000,Pave,1Fam,1,1,1
1437,NAmes,1728,4,6,1971,864,2,60,0,120500,Pave,1Fam,1,0,0
1438,NridgHt,3864,8,5,2008,1932,3,96,0,394617,Pave,1Fam,2,0,1
1439,OldTown,2148,6,7,1957,1236,2,90,0,149700,Pave,1Fam,1,0,1
1440,NWAmes,2264,7,6,1979,1725,2,80,0,197000,Pave,1Fam,2,1,0
1441,Crawfor,2759,6,7,1922,2555,2,79,0,191000,Pave,1Fam,2,0,0
1442,CollgCr,1696,6,5,2004,848,2,,0,149300,Pave,TwnhsE,1,0,1
1443,Somerst,3024,10,5,2008,2007,3,85,0,310000,Pave,1Fam,2,1,1
1444,BrkSide,1904,6,6,1916,952,1,,0,121000,Pave,1Fam,1,0,0
1445,CollgCr,2844,7,5,2004,1422,2,63,0,179600,Pave,1Fam,2,0,0
1446,Sawyer,1727,6,5,1966,913,1,70,0,129000,Pave,1Fam,1,0,1
1447,Mitchel,2376,5,7,1962,1188,1,,0,157900,Pave,1Fam,1,0,0
1448,CollgCr,3310,8,5,1995,2090,2,80,0,240000,Pave,1Fam,2,1,1
1449,Edwards,1906,4,7,1910,1346,1,70,0,112000,Pave,1Fam,1,1,0
1450,MeadowV,1260,5,7,1970,630,0,21,0,92000,Pave,Twnhs,1,0,1
1451,NAmes,2688,5,5,1974,1792,0,60,0,136000,Pave,Duplex,2,2,0
1452,Somerst,3151,8,5,2008,1578,3,78,0,287090,Pave,1Fam,2,0,0
1453,Edwards,1619,5,5,2005,1072,2,35,0,145000,Pave,TwnhsE,1,0,1
1454,Mitchel,2280,5,5,2006,1140,0,90,0,84500,Pave,1Fam,1,0,0
1455,Somerst,2442,7,5,2004,1221,2,62,0,185000,Pave,1Fam,2,0,1
1456,Gilbert,2600,6,5,1999,1647,2,62,0,175000,Pave,1Fam,2,1,0
1457,NWAmes,3615,6,6,1978,2073,2,85,0,210000,Pave,1Fam,2,0,1
1458,Crawfor,3492,7,9,1941,2340,1,66,0,266500,Pave,1Fam,2,0,0
1459,NAmes,2156,5,6,1950,1078,1,68,0,142125,Pave,1Fam,1,0,1
1460,Edwards,2512,5,6,1965,1256,1,75,0,147500,Pave,1Fam,1,1,1
